,Iterasi 1,Iterasi 2,Iterasi 3,Iterasi 4,Iterasi 5,Iterasi 6,Iterasi 7,Iterasi 8,Iterasi 9,Iterasi 10,Iterasi 11,Iterasi 12,Iterasi 13,Iterasi 14,Iterasi 15,Iterasi 16,Iterasi 17,Iterasi 18,Iterasi 19,Iterasi 20,Iterasi 21,Iterasi 22,Iterasi 23,Iterasi 24,Iterasi 25,Iterasi 26,Iterasi 27,Iterasi 28,Iterasi 29,Iterasi 30,Rata2
2021-11-24,12601.632,12957.601,12564.16,12376.037,13156.333,12803.732,11768.102,12565.448,13369.911,13546.181,13617.841,12539.49,14130.61,12890.4375,14083.862,12278.709,13229.396,13808.743,12696.708,13045.905,13130.998,13109.43,12671.227,13228.074,13460.678,13935.362,13168.535,13104.323,13316.584,13993.436,13104.983
2021-11-25,12572.917,12920.827,12534.855,12352.546,13121.197,12774.391,11751.709,12532.841,13330.989,13506.586,13579.675,12508.615,14088.552,12855.93,14034.696,12251.004,13188.245,13763.592,12667.81,13010.282,13095.295,13072.878,12642.072,13188.329,13421.643,13885.564,13132.3955,13066.33,13276.336,13943.989,13069.069
2021-11-26,12537.287,12876.098,12497.282,12323.204,13077.321,12736.664,11731.367,12492.389,13281.384,13456.369,13528.829,12471.419,14032.228,12813.733,13972.67,12218.214,13136.748,13706.11,12631.837,12967.571,13050.782,13028.833,12605.858,13140.478,13371.265,13823.194,13086.987,13018.732,13227.148,13882.867,13024.161
2021-11-27,12462.872,12781.797,12421.866,12262.545,12986.595,12660.329,11688.922,12408.036,13181.629,13354.528,13429.233,12392.426,13922.225,12724.284,13846.574,12145.849,13032.606,13588.736,12557.195,12876.533,12959.185,12934.843,12531.1045,13038.339,13271.074,13696.322,12994.593,12921.261,13122.111,13756.465,12931.67
2021-11-28,12353.931,12648.417,12308.898,12173.105,12852.862,12545.795,11627.449,12287.093,13032.404,13203.053,13274.655,12278.116,13750.3125,12597.77,13660.14,12045.928,12879.2295,13416.733,12447.843,12746.519,12824.244,12800.761,12421.525,12892.633,13120.551,13510.129,12857.822,12778.289,12971.918,13571.569,12795.99
2021-11-29,12255.62,12524.553,12205.402,12092.141,12731.651,12442.128,11571.201,12175.54,12896.037,13065.167,13135.12,12175.151,13594.509,12481.099,13490.46,11955.058,12737.8955,13259.07,12348.517,12628.75,12701.782,12679.249,12321.691,12760.461,12982.49,13339.459,12733.052,12647.4375,12836.651,13403.882,12672.374
2021-11-30,12145.424,12391.917,12087.845,12001.201,12595.65,12322.2,11508.084,12052.338,12742.025,12909.088,12969.568,12059.843,13408.243,12354.975,13300.254,11857.355,12582.795,13081.044,12237.142,12502.086,12565.321,12547.507,12210.982,12617.461,12824.696,13150.847,12594.0,12501.917,12686.062,13220.465,12534.276
2021-12-01,11994.76,12222.811,11928.471,11877.295,12410.503,12155.257,11425.4795,11888.673,12534.238,12697.727,12729.688,11910.244,13137.3125,12191.145,13045.068,11730.614,12382.135,12840.729,12087.219,12337.361,12381.501,12368.494,12063.707,12430.7295,12612.121,12904.175,12407.906,12309.565,12483.506,12973.63,12348.735
2021-12-02,12000.097,12229.628,11932.833,11881.399,12416.668,12159.886,11428.478,11894.197,12540.079,12703.981,12734.651,11916.376,13142.602,12198.285,13052.972,11736.936,12388.428,12848.477,12092.388,12344.482,12387.601,12376.085,12068.743,12438.808,12617.544,12912.08,12413.696,12315.884,12491.843,12982.346,12354.915
2021-12-03,12003.113,12234.671,11935.788,11883.969,12420.455,12162.601,11430.221,11897.975,12544.245,12708.117,12737.779,11920.337,13146.121,12201.534,13058.135,11740.061,12393.296,12852.498,12095.494,12348.874,12391.583,12380.456,12072.03,12443.471,12621.447,12917.568,12417.692,12319.941,12495.768,12987.804,12358.768
2021-12-04,11999.637,12230.474,11932.883,11881.215,12416.389,12159.146,11428.307,11894.471,12540.338,12703.863,12733.467,11915.806,13141.275,12198.28,13053.054,11736.569,12389.709,12847.85,12092.145,12344.803,12387.669,12376.355,12068.882,12438.879,12617.659,12912.882,12414.034,12316.103,12490.616,12982.817,12354.853
2021-12-05,11993.066,12223.016,11926.384,11875.857,12408.353,12152.263,11425.321,11886.845,12531.763,12695.199,12723.143,11910.607,13129.782,12191.366,13042.489,11731.133,12381.488,12838.29,12085.956,12337.422,12379.713,12365.484,12062.63,12430.703,12609.481,12902.865,12406.101,12308.26,12482.288,12971.234,12346.95
2021-12-06,12033.649,12265.454,11969.053,11909.139,12458.1,12198.345,11446.517,11930.262,12587.03,12751.681,12791.936,11948.662,13207.704,12232.804,13109.98,11763.222,12432.281,12902.153,12125.643,12379.303,12428.448,12416.589,12101.224,12478.41,12666.014,12966.31,12455.183,12358.363,12535.945,13036.619,12396.2
2021-12-07,11990.816,12220.299,11922.525,11873.749,12405.213,12148.8955,11423.26,11884.304,12526.898,12690.553,12718.315,11907.354,13123.952,12188.337,13036.988,11729.734,12376.273,12832.769,12083.077,12335.236,12376.375,12366.087,12059.776,12428.084,12603.588,12896.881,12402.21,12303.916,12479.359,12967.715,12343.417
2021-12-08,12020.68,12262.62,11951.172,11897.971,12441.48,12176.417,11441.104,11918.69,12565.462,12729.906,12749.514,11942.344,13158.398,12227.557,13086.392,11762.701,12419.895,12877.882,12113.458,12376.056,12413.404,12405.875,12090.646,12473.464,12640.963,12948.619,12439.171,12343.493,12522.752,13019.429,12380.584
2021-12-09,12093.459,12353.82,12027.003,11957.905,12531.188,12252.682,11482.702,12000.694,12665.472,12831.194,12851.74,12019.683,13273.601,12312.541,13210.315,11830.205,12523.211,12992.856,12186.972,12463.357,12503.701,12497.065,12164.272,12571.313,12741.777,13073.008,12530.73,12439.243,12622.421,13142.259,12471.545
2021-12-10,12168.036,12443.767,12106.395,12019.478,12623.309,12333.036,11525.195,12084.244,12769.493,12936.408,12962.385,12097.154,13398.343,12398.926,13338.636,11896.8545,12628.7705,13112.358,12262.285,12549.925,12596.172,12588.143,12239.3955,12668.868,12847.865,13200.842,12625.0,12537.77,12723.979,13267.552,12565.02
2021-12-11,12239.751,12526.025,12183.453,12078.679,12711.804,12412.843,11565.623,12163.341,12869.946,13038.351,13075.512,12170.244,13526.013,12478.378,13462.095,11957.863,12727.306,13228.526,12334.368,12629.321,12684.402,12672.517,12310.542,12758.879,12951.421,13321.632,12715.237,12631.41,12821.117,13385.501,12654.402
2021-12-12,12304.367,12594.646,12252.599,12131.809,12791.214,12486.606,11600.032,12232.433,12959.641,13129.653,13185.261,12231.698,13649.502,12545.667,13571.954,12009.002,12810.981,13332.492,12398.03,12696.531,12762.8,12747.655,12372.761,12835.435,13043.8125,13425.877,12794.44,12713.03,12906.999,13490.7,12733.587
2021-12-13,12264.962,12549.763,12210.622,12099.368,12742.731,12442.913,11578.249,12189.211,12904.823,13073.983,13122.839,12192.214,13579.433,12502.288,13504.375,11975.659,12757.479,13268.993,12358.7,12653.017,12714.426,12702.1455,12333.932,12786.172,12987.59,13360.138,12745.277,12662.055,12853.768,13425.521,12684.755
2021-12-14,12251.245,12534.243,12196.004,12088.075,12725.853,12427.661,11570.686,12174.208,12885.753,13054.609,13100.966,12178.518,13554.849,12487.274,13480.893,11964.121,12738.949,13246.91,12345.021,12637.958,12697.613,12686.384,12320.445,12769.112,12968.02,13337.344,12728.193,12644.355,12835.269,13402.8955,12667.78
2021-12-15,12239.1875,12518.776,12184.18,12078.305,12711.232,12415.695,11563.842,12160.8125,12870.057,13038.5205,13085.771,12165.377,13538.0205,12472.612,13460.966,11952.041,12722.413,13228.406,12332.9795,12622.874,12682.897,12670.845,12308.401,12752.212,12952.51,13317.253,12713.493,12628.829,12818.114,13382.484,12652.97
2021-12-16,12223.926,12498.5625,12168.647,12065.762,12692.474,12400.397,11555.018,12143.325,12849.366,13017.564,13066.273,12148.571,13516.296,12454.099,13435.002,11936.993,12700.204,13204.8125,12317.524,12603.514,12663.841,12651.092,12292.742,12730.668,12931.947,13290.7,12694.215,12608.553,12796.856,13356.17,12633.838
2021-12-17,12210.065,12481.8125,12153.16,12054.183,12675.136,12384.931,11547.036,12127.495,12829.134,12997.303,13044.3955,12134.677,13491.584,12438.15,13410.324,11925.251,12679.684,13181.765,12303.382,12587.761,12646.334,12634.767,12278.532,12712.923,12911.028,13266.0205,12676.106,12589.6875,12778.413,13332.59,12616.121
2021-12-18,12192.467,12462.44,12134.163,12039.696,12653.475,12365.003,11537.094,12108.332,12804.507,12972.226,13015.863,12116.699,13459.368,12418.741,13380.0625,11910.537,12655.9795,13152.827,12285.716,12568.828,12624.846,12614.756,12261.252,12691.292,12885.421,13236.693,12654.219,12566.827,12754.438,13304.103,12594.263
2021-12-19,12167.206,12434.689,12108.011,12019.047,12622.631,12337.065,11523.617,12081.386,12770.396,12937.32,12975.343,12091.8955,13413.8,12392.099,13337.963,11889.457,12623.726,13113.256,12260.891,12541.606,12594.3955,12583.353,12237.001,12660.415,12850.716,13196.577,12623.62,12535.347,12720.381,13263.068,12563.544
2021-12-20,12172.747,12437.711,12115.239,12023.762,12629.649,12345.47,11526.474,12086.848,12779.321,12946.358,12990.15,12096.164,13430.895,12395.92,13348.15,11891.35,12630.13,13123.59,12266.37,12544.646,12601.012,12587.512,12241.957,12664.289,12860.91,13205.138,12630.6045,12542.28,12726.91,13270.761,12570.41
2021-12-21,12161.226,12418.185,12104.281,12014.348,12615.507,12336.197,11518.832,12072.39,12764.207,12931.158,12982.704,12080.774,13422.92,12378.44,13328.427,11876.477,12610.556,13106.22,12254.155,12526.217,12586.084,12571.584,12229.039,12644.08,12846.573,13182.734,12615.506,12525.642,12709.439,13249.451,12555.444
2021-12-22,12107.645,12355.479,12046.663,11970.022,12549.226,12277.116,11488.696,12012.833,12688.898,12854.981,12899.179,12026.303,13328.602,12318.607,13236.021,11830.584,12535.856,13019.838,12200.231,12466.01,12519.781,12507.556,12175.514,12576.098,12769.354,13091.839,12547.873,12455.38,12637.363,13160.336,12488.463
2021-12-23,12081.78,12329.293,12017.385,11948.501,12517.037,12246.041,11474.552,11984.971,12651.312,12816.984,12851.733,12002.172,13274.543,12292.131,13190.822,11811.706,12501.376,12976.4,12174.369,12440.637,12488.094,12478.664,12150.373,12546.915,12729.678,13049.02,12515.26,12421.886,12603.71,13118.832,12456.206
2021-12-24,12093.571,12350.445,12027.721,11958.01,12531.317,12254.461,11482.148,11999.768,12665.891,12831.715,12857.038,12017.763,13279.792,12310.708,13210.321,11827.963,12521.213,12993.384,12186.697,12460.632,12503.314,12496.5625,12163.562,12568.658,12742.779,13071.486,12530.387,12438.521,12621.829,13141.305,12471.299
2021-12-25,12146.947,12419.706,12083.237,12001.962,12597.113,12309.348,11513.446,12060.796,12739.344,12906.049,12928.144,12076.353,13359.623,12375.466,13301.873,11879.453,12599.121,13078.024,12241.065,12526.77,12569.973,12562.655,12218.319,12642.664,12816.775,13164.786,12598.107,12509.94,12696.0,13232.246,12538.509
2021-12-26,12245.4,12535.592,12187.566,12083.055,12718.411,12416.517,11568.6875,12169.798,12875.838,13044.535,13077.96,12177.046,13528.259,12486.621,13470.336,11965.649,12735.103,13235.571,12339.835,12638.673,12691.236,12682.981,12316.34,12769.006,12956.149,13330.739,12721.386,12638.345,12829.811,13396.184,12661.088
2021-12-27,12313.544,12614.937,12259.955,12139.165,12802.306,12491.272,11606.788,12245.046,12970.499,13140.642,13183.19,12246.35,13646.428,12562.881,13587.247,12024.616,12828.758,13345.093,12408.095,12715.349,12775.094,12765.676,12383.962,12855.664,13053.069,13445.426,12806.659,12727.092,12922.405,13509.375,12745.887
2021-12-28,12359.242,12667.173,12308.437,12176.747,12858.482,12541.748,11631.966,12295.138,13033.849,13205.013,13255.171,12292.082,13727.078,12613.27,13665.496,12063.475,12890.678,13418.54,12453.63,12766.009,12831.151,12818.824,12428.964,12912.976,13117.922,13521.588,12863.596,12786.135,12984.263,13585.156,12802.459
2021-12-29,12378.426,12691.232,12327.949,12192.414,12881.907,12561.529,11642.856,12316.586,13059.643,13231.317,13281.253,12312.554,13756.036,12636.079,13697.947,12081.764,12917.444,13448.697,12472.87,12789.294,12854.772,12842.864,12448.205,12939.091,13143.824,13554.125,12887.414,12811.171,13011.114,13617.65,12826.268
2021-12-30,12396.206,12713.193,12346.883,12207.103,12903.882,12580.636,11652.951,12336.721,13084.596,13256.527,13307.495,12331.105,13785.362,12656.505,13728.868,12097.645,12942.989,13477.334,12490.824,12810.19,12876.987,12864.419,12466.227,12962.509,13169.226,13585.013,12910.09,12834.806,13035.287,13647.877,12848.648
2021-12-31,12413.479,12733.458,12365.404,12221.348,12925.168,12599.572,11662.708,12355.959,13108.814,13281.062,13333.986,12348.657,13814.953,12676.403,13758.873,12112.735,12967.259,13505.51,12508.198,12829.822,12898.375,12884.895,12483.511,12984.702,13194.1,13614.665,12931.934,12857.64,13058.885,13676.901,12870.299
2022-01-01,12430.744,12753.296,12383.698,12235.533,12946.356,12618.694,11672.367,12374.927,13132.742,13305.438,13360.974,12365.671,13845.133,12695.428,13788.525,12127.549,12990.678,13533.337,12525.465,12849.01,12919.543,12904.978,12500.527,13006.434,13218.708,13643.55,12953.467,12880.018,13082.49,13705.283,12891.686
2022-01-02,12448.526,12773.271,12402.218,12250.078,12968.089,12638.214,11681.834,12394.143,13156.977,13330.132,13389.183,12383.408,13876.542,12714.698,13818.598,12142.534,13014.04,13561.51,12542.953,12868.547,12941.185,12925.399,12517.772,13028.512,13243.306,13672.4795,12975.266,12902.512,13106.493,13734.881,12913.443
2022-01-03,12439.385,12765.507,12391.982,12242.535,12956.849,12626.698,11677.32,12384.861,13143.904,13316.828,13370.372,12375.715,13855.37,12706.576,13802.889,12136.852,13003.24,13546.334,12534.1455,12860.742,12930.285,12916.857,12509.418,13019.401,13229.489,13658.527,12964.16,12891.3955,13094.9,13720.619,12902.44
2022-01-04,12462.924,12794.114,12416.627,12261.867,12985.744,12651.842,11690.596,12411.17,13176.339,13349.779,13404.753,12399.952,13893.619,12733.79,13843.358,12158.148,13036.222,13584.029,12557.77,12888.31,12959.397,12945.426,12533.0,13050.3955,13262.455,13698.738,12993.72,12922.304,13127.325,13760.361,12931.802
2022-01-05,12491.71,12829.771,12446.26,12285.424,13020.951,12681.983,11706.878,12443.37,13215.45,13389.618,13445.118,12430.063,13938.367,12767.65,13892.478,12185.008,13076.488,13629.728,12586.637,12922.756,12994.922,12981.044,12561.8545,13089.055,13301.958,13747.801,13029.65,12959.994,13167.417,13809.143,12967.619
2022-01-06,12529.47,12877.441,12485.019,12316.332,13067.153,12721.152,11728.324,12485.894,13266.748,13441.84,13496.985,12470.012,13995.754,12812.443,13957.027,12220.701,13129.891,13689.634,12624.574,12968.617,13041.69,13028.311,12599.92,13140.388,13353.637,13812.648,13076.96,13009.658,13220.106,13873.553,13014.7295
2022-01-07,12563.151,12918.281,12521.42,12344.212,13108.839,12757.995,11747.406,12524.044,13314.617,13490.145,13548.352,12504.382,14052.93,12851.007,14016.321,12250.068,13178.52,13744.713,12658.59,13007.533,13083.889,13068.581,12634.05,13184.087,13402.722,13871.661,13120.22,13054.725,13265.771,13930.939,13057.306
2022-01-08,12586.118,12942.42,12547.514,12363.331,13137.367,12785.411,11760.154,12549.246,13348.366,13524.18,13589.5625,12525.439,14099.063,12875.424,14057.45,12267.353,13210.289,13783.738,12681.6455,13030.8125,13112.368,13093.324,12656.6875,13210.771,13438.339,13911.062,13149.897,13085.179,13296.156,13968.599,13086.243
2022-01-09,12593.542,12944.915,12556.906,12369.527,13146.543,12797.24,11763.335,12555.753,13359.8955,13535.962,13611.789,12529.069,14124.241,12879.04,14070.625,12268.768,13216.898,13797.273,12688.516,13033.449,13120.79,13097.076,12662.584,13214.517,13451.442,13920.785,13158.688,13093.4375,13304.582,13978.296,13094.851
2022-01-10,12555.349,12894.594,12517.059,12338.1045,13099.543,12757.934,11740.82,12511.703,13307.052,13482.3955,13561.406,12488.179,14068.582,12831.945,14004.053,12231.582,13160.235,13735.79,12649.583,12985.606,13072.836,13047.966,12623.158,13161.061,13397.931,13852.577,13109.474,13041.629,13250.793,13912.378,13046.376
2022-01-11,12468.662,12792.996,12425.338,12266.871,12993.136,12663.03,11692.668,12415.804,13186.728,13360.155,13427.875,12401.142,13920.114,12734.589,13854.47,12156.396,13040.835,13595.836,12562.992,12887.6045,12965.961,12945.842,12537.229,13050.477,13274.879,13706.012,13000.8545,12928.645,13132.478,13767.237,12938.562
2022-01-12,12428.306,12746.6455,12381.638,12233.52,12943.301,12617.824,11670.251,12371.059,13129.593,13302.341,13362.952,12361.343,13847.532,12690.143,13784.078,12122.754,12984.778,13529.954,12522.559,12843.09,12915.972,12899.367,12497.122,13000.165,13216.005,13637.3,12949.756,12875.688,13078.2295,13699.871,12888.1045
2022-01-13,12415.415,12734.736,12366.665,12222.76,12927.257,12601.629,11663.351,12357.369,13110.453,13283.019,13337.338,12350.367,13818.62,12677.513,13761.1,12114.216,12967.906,13507.722,12509.759,12831.384,12900.204,12886.663,12484.778,12986.539,13195.546,13616.0205,12933.43,12859.013,13061.642,13679.376,12872.062
2022-01-14,12423.357,12748.229,12374.232,12229.253,12937.007,12608.035,11668.412,12367.332,13120.896,13293.526,13342.842,12360.306,13824.427,12689.507,13774.769,12124.242,12981.409,13519.792,12518.087,12844.033,12910.548,12899.196,12493.657,13000.32,13205.42,13631.48,12943.902,12870.412,13073.494,13694.472,12882.42
2022-01-15,12446.698,12776.965,12399.784,12248.651,12966.01,12633.625,11682.057,12394.068,13154.454,13327.335,13377.941,12384.442,13863.718,12716.766,13816.214,12144.897,13015.913,13558.29,12541.935,12871.285,12939.954,12927.405,12517.604,13030.971,13240.06,13673.141,12974.262,12902.174,13105.324,13734.059,12912.2
2022-01-16,12488.059,12821.496,12444.585,12282.729,13016.894,12681.061,11704.521,12438.827,13212.644,13386.451,13447.936,12423.71,13942.028,12760.793,13887.743,12177.883,13070.915,13626.074,12582.967,12914.684,12990.515,12973.233,12557.826,13080.437,13300.375,13741.55,13025.728,12955.391,13160.745,13801.816,12963.319
2022-01-17,12488.681,12819.75,12445.401,12283.198,13017.568,12682.852,11704.384,12438.696,13213.464,13387.417,13452.396,12423.161,13947.132,12759.56,13888.462,12176.765,13069.84,13627.09,12583.265,12913.354,12990.835,12972.204,12557.728,13079.191,13301.518,13740.941,13025.938,12955.286,13161.073,13801.73,12963.628
2022-01-18,12470.645,12798.394,12425.92,12268.296,12995.303,12662.904,11694.042,12418.466,13187.949,13361.5625,13424.616,12405.187,13916.108,12739.013,13856.861,12161.07,13044.249,13597.453,12565.022,12892.866,12968.414,12950.846,12539.588,13056.04,13275.162,13709.672,13003.001,12931.265,13136.382,13771.628,12940.932
2022-01-19,12436.367,12759.293,12390.21,12240.26,12953.432,12625.438,11675.346,12381.18,13141.199,13313.864,13371.475,12370.949,13856.959,12701.101,13798.672,12131.487,12998.631,13542.745,12531.079,12854.667,12926.629,12910.892,12506.124,13012.828,13227.528,13653.258,12960.788,12887.47,13089.536,13714.794,12898.807
2022-01-20,12431.919,12752.036,12386.048,12236.637,12947.9795,12621.758,11672.622,12375.7,13135.43,13308.034,13368.009,12365.223,13853.24,12694.958,13791.167,12126.111,12991.431,13536.394,12526.482,12847.802,12920.898,12904.113,12501.262,13005.377,13222.116,13644.962,12955.04,12881.314,13083.04,13706.528,12893.122
2022-01-21,12424.51,12742.434,12377.675,12230.415,12938.663,12613.664,11668.237,12366.973,13124.425,13297.08,13356.93,12357.575,13840.84,12685.897,13777.656,12119.532,12979.783,13523.833,12518.83,12838.922,12911.358,12894.994,12493.441,12995.438,13210.763,13631.11,12945.089,12870.87,13073.083,13693.497,12883.45
2022-01-22,12398.188,12710.031,12350.881,12208.956,12906.6,12586.251,11653.172,12337.756,13089.13,13260.963,13320.776,12329.834,13800.721,12654.596,13733.165,12094.479,12943.492,13482.071,12492.423,12807.37,12879.133,12862.23,12467.1875,12959.879,13175.073,13586.681,12912.613,12836.569,13035.9,13649.469,12850.852
2022-01-23,12344.003,12643.8955,12295.666,12164.702,12840.41,12529.675,11623.001,12277.666,13016.209,13186.627,13244.358,12273.071,13715.765,12592.166,13641.781,12044.288,12869.185,13397.53,12438.403,12742.9795,12812.618,12795.7,12413.309,12887.646,13101.884,13496.026,12845.602,12766.62,12960.912,13558.112,12783.994
2022-01-24,12298.71,12582.117,12250.278,12127.663,12784.918,12485.717,11596.521,12225.063,12955.566,13125.169,13190.659,12222.284,13656.438,12534.665,13564.932,11997.397,12802.304,13327.385,12392.463,12683.496,12755.997,12735.153,12366.459,12821.5205,13042.102,13416.284,12788.367,12705.928,12896.694,13478.847,12727.036
2022-01-25,12208.19,12466.155,12156.397,12053.275,12673.555,12392.235,11543.952,12121.6875,12831.442,12999.412,13068.569,12124.336,13520.071,12425.582,13409.807,11909.939,12671.673,13183.912,12300.708,12572.299,12643.357,12620.451,12274.134,12696.903,12917.091,13258.97,12673.985,12585.338,12770.63,13324.723,12613.293
2022-01-26,12063.064,12294.7705,12002.55,11933.651,12494.689,12234.343,11462.45,11961.743,12629.926,12795.136,12847.771,11975.677,13271.423,12261.997,13161.375,11783.799,12470.781,12951.745,12154.986,12407.15,12464.361,12448.96,12129.529,12510.554,12711.563,13014.375,12492.098,12396.088,12573.905,13083.208,12432.788
2022-01-27,11983.507,12204.875,11915.721,11867.699,12396.0625,12144.346,11418.004,11874.1455,12517.146,12681.051,12717.378,11896.718,13123.28,12175.404,13024.091,11718.589,12361.587,12822.201,12075.016,12321.199,12366.3125,12355.196,12050.735,12412.977,12594.91,12880.862,12391.897,12292.363,12468.066,12952.7,12333.468
2022-01-28,11955.1875,12180.758,11883.239,11844.17,12360.912,12108.2295,11403.194,11845.129,12476.072,12639.2,12659.271,11871.928,13056.545,12149.548,12975.382,11700.781,12327.227,12774.636,12047.16,12297.115,12332.486,12325.042,12024.414,12384.673,12550.76,12836.859,12357.202,12257.215,12432.021,12909.521,12298.863
2022-01-29,11975.162,12210.59,11904.606,11860.849,12385.939,12127.371,11415.972,11868.067,12504.705,12667.639,12681.359,11895.962,13081.426,12176.793,13011.048,11722.153,12360.636,12806.81,12068.313,12324.8545,12358.523,12349.332,12046.37,12415.371,12579.404,12875.428,12384.083,12286.065,12460.101,12945.359,12325.01
2022-01-30,12052.569,12299.199,11987.606,11924.734,12481.541,12213.208,11459.61,11954.384,12612.707,12777.203,12802.813,11974.64,13219.332,12262.907,13143.3125,11788.306,12466.566,12931.454,12146.136,12410.624,12453.534,12441.13,12123.119,12512.684,12690.496,13004.959,12480.82,12386.792,12564.656,13072.352,12421.3125
2022-01-31,12116.616,12368.729,12055.751,11977.429,12560.318,12285.55,11494.295,12023.606,12701.147,12867.31,12908.615,12037.294,13339.122,12330.465,13251.503,11840.402,12550.033,13033.668,12209.572,12478.511,12531.232,12518.807,12185.147,12589.92,12781.424,13108.408,12559.514,12467.872,12650.215,13176.1455,12499.956
2022-02-01,12107.889,12358.781,12045.781,11970.121,12549.39,12275.368,11489.037,12013.733,12688.25,12854.306,12894.167,12027.799,13322.609,12320.722,13235.872,11833.242,12537.33,13018.798,12200.552,12469.087,12520.308,12510.08,12176.262,12579.151,12767.732,13092.937,12548.189,12455.945,12638.434,13162.043,12488.798
2022-02-02,12091.165,12344.862,12026.689,11956.226,12528.653,12253.97,11480.722,11996.751,12664.026,12829.684,12858.921,12014.085,13282.373,12306.2,13207.178,11823.295,12517.477,12990.967,12184.335,12455.206,12500.337,12491.03,12160.909,12562.914,12741.919,13067.427,12527.754,12435.558,12617.619,13136.244,12468.484
2022-02-03,12132.48,12395.748,12069.843,11990.2295,12579.529,12297.642,11504.214,12043.031,12720.816,12887.26,12918.094,12057.573,13348.964,12354.11,13277.556,11861.145,12575.574,13056.357,12225.964,12504.097,12551.447,12542.483,12202.488,12617.837,12799.344,13137.694,12579.586,12489.741,12674.209,13205.702,12520.026
2022-02-04,12161.161,12428.5,12101.576,12014.103,12615.234,12330.139,11520.37,12075.021,12762.106,12928.84,12965.07,12086.156,13402.208,12385.688,13327.791,11884.622,12616.09,13103.408,12254.941,12535.417,12587.145,12576.13,12231.242,12653.297,12842.131,13186.971,12616.286,12527.765,12712.229,13253.383,12556.166
2022-02-05,12162.109,12423.396,12105.486,12015.244,12616.885,12335.722,11520.378,12074.56,12766.202,12932.802,12978.931,12083.784,13418.603,12382.479,13331.161,11879.244,12615.706,13108.07,12255.789,12530.405,12588.152,12572.878,12231.307,12648.414,12848.364,13187.69,12617.939,12528.771,12711.318,13252.653,12557.481
2022-02-06,12135.543,12383.982,12078.886,11993.381,12584.083,12311.425,11504.002,12043.152,12730.248,12896.71,12952.292,12052.226,13389.148,12346.437,13285.499,11849.99,12573.423,13067.286,12228.245,12492.635,12554.186,12537.433,12202.685,12606.748,12813.377,13138.452,12583.419,12491.743,12673.211,13204.869,12523.491
2022-02-07,12057.178,12287.87,11995.609,11928.703,12487.274,12227.233,11459.042,11955.073,12621.03,12786.224,12837.134,11970.111,13259.266,12255.485,13150.715,11779.38,12462.261,12941.398,12148.953,12401.171,12456.978,12442.611,12123.587,12503.68,12702.068,13003.972,12484.38,12388.052,12566.21,13073.558,12425.207
2022-02-08,11964.928,12183.276,11896.951,11852.586,12373.478,12124.632,11407.625,11854.09,12492.553,12655.791,12690.453,11877.039,13092.938,12154.425,12993.441,11701.606,12337.347,12793.252,12056.54,12299.931,12343.924,12332.242,12032.645,12388.867,12570.071,12850.99,12369.511,12268.946,12442.234,12922.562,12310.829
2022-02-09,11922.892,12138.994,11851.748,11817.916,12321.661,12076.374,11385.058,11808.538,12434.11,12596.307,12618.69,11836.952,13011.2295,12110.921,12922.473,11668.567,12283.052,12725.871,12014.946,12256.563,12293.007,12281.466,11992.155,12339.3955,12509.715,12783.654,12317.883,12216.009,12386.781,12854.905,12259.261
2022-02-10,11956.98,12181.733,11886.328,11845.794,12363.3955,12111.32,11404.524,11846.89,12479.752,12642.7705,12664.5625,11873.578,13062.883,12151.39,12979.403,11701.272,12330.343,12778.775,12049.223,12297.9795,12334.854,12324.852,12026.359,12385.918,12555.306,12840.771,12359.99,12260.246,12434.168,12912.039,12301.446
2022-02-11,11999.143,12235.059,11929.833,11880.476,12415.289,12154.96,11428.686,11894.685,12537.202,12701.002,12722.3545,11918.778,13128.0625,12201.062,13050.711,11741.073,12390.047,12844.717,12091.804,12349.126,12387.0625,12378.112,12069.021,12443.227,12612.933,12912.539,12412.8,12315.568,12492.163,12983.165,12354.023
2022-02-12,12044.362,12290.338,11977.777,11917.815,12471.19,12203.264,11454.5625,11945.494,12600.103,12764.577,12788.262,11966.096,13202.592,12253.694,13128.225,11781.996,12454.312,12916.799,12137.551,12402.207,12443.184,12433.671,12114.723,12502.957,12676.845,12990.055,12469.954,12375.328,12553.721,13059.195,12410.695
2022-02-13,12085.63,12337.293,12022.654,11951.988,12522.31,12249.625,11477.912,11991.079,12658.452,12823.646,12854.459,12007.895,13277.764,12299.206,13199.465,11816.555,12511.35,12983.974,12179.161,12447.433,12494.063,12481.686,12155.77,12554.29,12737.202,13059.76,12521.953,12429.414,12609.137,13126.885,12462.267
2022-02-14,12115.786,12366.118,12056.101,11976.943,12559.591,12286.088,11493.6875,12022.642,12701.309,12867.253,12911.358,12035.092,13342.491,12328.383,13251.031,11837.749,12549.119,13033.515,12208.791,12475.854,12530.411,12516.667,12184.286,12587.073,12782.2295,13107.3955,12559.022,12467.084,12648.11,13174.54,12499.189
2022-02-15,12076.348,12315.792,12015.475,11944.559,12511.103,12245.588,11470.902,11978.035,12647.601,12812.818,12858.433,11992.446,13283.115,12281.024,13184.052,11799.882,12492.7295,12971.597,12168.891,12427.416,12481.492,12467.003,12144.2,12532.792,12728.37,13039.594,12509.48,12414.949,12593.361,13107.609,12449.889
2022-02-16,12033.488,12265.791,11968.808,11908.968,12457.87,12197.909,11446.663,11930.206,12586.714,12751.383,12790.635,11948.965,13206.196,12233.395,13109.747,11763.678,12432.409,12902.165,12125.593,12379.588,12428.268,12416.02,12101.201,12478.769,12665.702,12966.408,12455.012,12358.405,12536.137,13036.405,12396.083
2022-02-17,12005.007,12236.451,11937.291,11885.403,12422.613,12164.443,11431.047,11899.677,12546.202,12710.258,12740.414,11921.923,13148.978,12203.571,13060.736,11741.872,12394.922,12855.019,12097.18,12350.912,12393.612,12383.546,12073.604,12445.817,12623.238,12919.815,12419.564,12321.85,12498.5205,12990.769,12360.809
2022-02-18,11997.308,12230.8,11929.279,11879.173,12413.349,12154.67,11427.39,11892.508,12536.101,12699.625,12724.388,11915.237,13130.679,12197.607,13048.565,11737.137,12387.587,12842.921,12089.959,12344.932,12384.976,12374.866,12067.07,12438.684,12612.522,12909.708,12411.067,12313.397,12488.487,12979.897,12351.995
2022-02-19,12003.314,12236.081,11937.682,11884.449,12421.221,12163.294,11431.234,11898.78,12546.628,12710.023,12738.346,11921.036,13147.049,12203.35,13060.59,11739.903,12397.019,12854.818,12096.449,12349.653,12392.768,12378.235,12073.298,12444.344,12624.609,12921.257,12419.574,12322.26,12495.821,12988.991,12360.068
2022-02-20,12021.458,12247.878,11959.063,11899.546,12443.715,12188.589,11439.705,11916.2,12573.208,12737.283,12782.384,11934.106,13197.621,12216.665,13091.52,11747.613,12416.104,12885.85,12113.706,12361.479,12413.857,12397.372,12089.051,12458.746,12653.742,12946.975,12441.154,12343.376,12517.64,13015.307,12381.696
2022-02-21,11948.594,12156.736,11883.12,11839.587,12353.91,12112.405,11397.786,11834.089,12473.222,12636.063,12680.683,11856.476,13082.831,12130.648,12967.683,11679.203,12312.732,12770.858,12040.015,12274.022,12323.63,12306.464,12015.313,12360.463,12552.956,12822.502,12349.626,12247.34,12417.452,12892.692,12290.639
2022-02-22,11851.251,12039.586,11780.907,11759.414,12233.896,12008.272,11342.48,11725.891,12339.287,12500.273,12537.7295,11754.716,12920.677,12019.268,12802.818,11591.149,12177.77,12616.899,11941.957,12161.185,12203.8,12186.723,11917.944,12233.18,12417.109,12659.029,12228.146,12120.516,12284.94,12731.228,12169.602
2022-02-23,11758.499,11930.165,11683.253,11682.969,12119.474,11907.993,11290.271,11622.562,12211.65,12370.819,12398.266,11659.273,12761.846,11914.886,12646.386,11509.286,12050.812,12470.491,11848.772,12055.509,12089.992,12072.832,11825.732,12113.802,12287.453,12504.965,12112.853,12000.588,12159.637,12578.365,12054.647
2022-02-24,11697.222,11856.988,11618.898,11632.464,12043.832,11842.347,11255.477,11553.616,12127.48,12285.506,12307.975,11595.484,12658.772,11845.0625,12543.213,11453.931,11966.326,12374.012,11787.033,11984.804,12014.726,11997.4,11764.532,12033.972,12202.146,12402.795,12036.605,11921.075,12076.597,12477.244,11978.583
2022-02-25,11618.402,11759.294,11538.831,11567.979,11947.112,11761.318,11210.466,11462.508,12022.084,12178.379,12200.912,11510.824,12536.987,11752.417,12412.789,11373.3,11858.088,12252.622,11707.783,11889.953,11918.355,11894.237,11685.665,11926.122,12097.088,12272.334,11939.681,11819.406,11967.857,12346.521,11880.977
2022-02-26,11552.642,11680.02,11469.019,11513.398,11865.359,11691.163,11172.836,11392.419,11930.513,12086.165,12104.714,11441.775,12426.414,11677.693,12301.379,11318.73,11765.099,12149.943,11641.113,11813.02,11836.787,11816.668,11619.119,11840.704,12004.584,12161.062,11856.759,11733.15,11879.924,12237.158,11799.311
2022-02-27,11501.36,11619.061,11413.513,11470.723,11801.605,11634.892,11143.355,11333.712,11858.21,12013.575,12025.874,11389.969,12335.396,11618.863,12214.251,11275.104,11693.551,12067.125,11589.067,11755.405,11773.6455,11755.382,11567.676,11775.254,11930.754,12074.699,11792.287,11665.805,11811.159,12152.981,11735.143
2022-02-28,11451.574,11564.943,11359.999,11429.695,11739.972,11578.364,11115.282,11279.438,11788.586,11943.203,11944.217,11338.641,12240.601,11566.521,12131.083,11233.986,11628.458,11988.082,11539.008,11702.886,11713.418,11697.633,11519.125,11715.234,11859.183,11994.671,11731.287,11602.607,11744.827,12074.681,11673.906
2022-03-01,11409.928,11515.333,11316.576,11395.442,11688.776,11530.132,11094.245,11230.682,11726.519,11885.63,11870.516,11301.52,12155.473,11525.987,12063.697,11202.403,11578.84,11923.77,11498.63,11661.906,11664.068,11633.443,11480.221,11668.388,11801.758,11932.507,11681.818,11552.752,11691.219,11998.064,11622.676
2022-03-02,11477.848,11590.586,11391.697,11452.077,11773.465,11611.3545,11130.572,11304.457,11827.982,11983.454,11995.07,11364.109,12300.631,11592.533,12177.805,11245.863,11665.13,12033.028,11566.104,11727.552,11746.032,11717.996,11545.351,11742.393,11902.667,12039.591,11765.378,11637.753,11777.96,12115.62,11706.734
2022-03-03,11413.511,11508.568,11325.649,11399.037,11693.899,11545.958,11093.269,11234.074,11740.372,11895.427,11909.738,11293.8545,12202.6875,11516.375,12070.633,11183.001,11573.766,11934.855,11500.824,11648.378,11666.432,11636.601,11479.857,11654.489,11816.079,11931.046,11685.008,11553.532,11690.259,12007.952,11626.838
2022-03-04,11320.671,11390.7,11229.555,11322.413,11579.107,11450.3,11039.391,11127.994,11613.85,11768.038,11783.286,11194.472,12057.0205,11406.065,11916.175,11093.43,11443.191,11791.07,11406.632,11536.332,11552.112,11518.429,11385.868,11526.96,11690.027,11775.326,11569.419,11432.215,11563.641,11853.359,11511.234
2022-03-05,11175.633,11211.469,11080.343,11202.55,11399.235,11300.277,10952.268,10964.936,11417.77,11569.871,11584.127,11036.501,11826.528,11237.028,11677.123,10946.275,11242.95,11568.711,11259.76,11362.994,11374.579,11335.243,11240.06,11328.833,11494.485,11535.875,11390.528,11244.641,11366.034,11615.061,11331.389
2022-03-06,10981.178,10971.555,10878.712,11041.404,11158.259,11095.026,10839.995,10747.798,11148.544,11302.96,11303.403,10831.041,11499.385,11016.978,11357.952,10758.379,10978.175,11271.218,11063.637,11137.717,11137.204,11076.732,11046.161,11074.459,11230.101,11219.478,11151.351,10995.894,11105.982,11286.279,11090.23
2022-03-07,10860.861,10820.74,10753.452,10939.992,11008.299,10971.643,10767.2295,10613.208,10985.591,11138.04,11141.244,10697.015,11309.174,10874.18,11159.541,10635.763,10808.555,11086.9795,10940.717,10992.056,10988.863,10930.089,10923.702,10910.218,11066.615,11018.279,11001.533,10838.438,10943.455,11091.17,10940.553
2022-03-08,10678.046,10601.075,10561.687,10785.768,10780.875,10776.167,10659.93,10405.974,10733.724,10885.853,10871.603,10503.352,10990.369,10669.523,10861.208,10470.907,10558.23,10806.621,10755.284,10784.111,10766.158,10697.597,10741.727,10674.563,10814.905,10723.229,10777.36,10605.247,10700.592,10792.823,10714.483
2022-03-09,10526.007,10418.726,10402.401,10656.274,10592.294,10611.56,10571.79,10227.105,10521.786,10676.445,10639.539,10346.557,10714.021,10503.926,10615.783,10334.753,10354.745,10566.71,10601.417,10615.969,10582.621,10499.345,10592.027,10483.775,10604.916,10483.221,10579.395,10414.338,10500.584,10535.848,10525.797
2022-03-10,10526.847,10423.499,10400.435,10655.197,10595.64,10607.952,10575.209,10232.193,10520.458,10675.998,10626.022,10355.038,10695.755,10509.567,10618.039,10355.474,10358.501,10565.75,10603.578,10626.695,10586.38,10512.254,10595.36,10499.799,10600.2295,10487.8,10578.934,10418.152,10507.845,10538.159,10528.426
2022-03-11,10559.5205,10470.138,10437.381,10677.909,10642.116,10639.671,10596.844,10269.046,10569.547,10725.583,10664.908,10399.448,10740.946,10550.343,10679.222,10402.878,10414.42,10618.35,10639.773,10675.595,10633.6045,10563.259,10625.844,10555.364,10647.238,10551.567,10620.942,10467.878,10558.353,10597.234,10573.164
2022-03-12,10637.587,10568.748,10521.436,10740.508,10746.267,10715.524,10636.208,10359.928,10682.389,10839.808,10775.081,10495.469,10871.372,10642.984,10816.238,10488.226,10534.266,10744.079,10720.578,10772.859,10736.168,10665.577,10699.739,10669.543,10756.189,10688.611,10718.521,10576.099,10670.307,10729.4,10673.989
2022-03-13,10773.041,10730.31,10663.892,10860.455,10915.242,10859.752,10716.65,10515.521,10867.038,11027.091,10972.641,10639.471,11106.279,10795.091,11037.48,10614.551,10721.476,10951.75,10858.622,10927.975,10901.174,10839.753,10834.796,10845.899,10943.23,10908.432,10885.056,10749.72,10851.498,10944.447,10841.944
2022-03-14,10959.779,10957.627,10849.148,11023.437,11131.347,11061.535,10833.097,10726.476,11112.612,11266.829,11244.289,10815.585,11427.537,11002.029,11319.119,10774.75,10951.48,11230.629,11041.558,11126.908,11111.483,11071.179,11026.492,11064.922,11187.981,11185.834,11123.903,10968.915,11081.945,11255.936,11064.479
2022-03-15,10935.069,10931.549,10822.069,11002.914,11100.648,11030.448,10820.538,10699.56,11074.462,11231.558,11193.311,10795.471,11367.095,10981.114,11279.535,10761.327,10922.845,11188.578,11017.583,11106.543,11082.781,11036.726,11004.156,11041.147,11151.362,11150.89,11092.363,10940.198,11051.527,11210.242,11034.121
2022-03-16,11010.869,11023.504,10901.478,11065.819,11194.762,11111.418,10864.209,10783.873,11179.534,11336.168,11305.33,10875.271,11498.727,11066.018,11403.78,10829.354,11026.145,11308.02,11094.237,11192.928,11175.096,11132.545,11079.61,11138.975,11255.978,11273.724,11188.146,11037.072,11152.44,11336.325,11128.044
2022-03-17,11084.223,11115.158,10976.014,11126.121,11285.173,11186.559,10906.478,10866.979,11278.304,11435.417,11404.842,10955.014,11614.438,11151.757,11523.123,10903.93,11126.51,11419.508,11168.361,11280.711,11264.431,11229.497,11153.005,11238.068,11353.164,11393.008,11277.763,11130.894,11252.371,11458.038,11218.628
2022-03-18,11164.421,11216.488,11058.636,11192.345,11384.469,11269.379,10952.785,10957.176,11387.801,11545.15,11515.077,11041.693,11742.694,11244.623,11655.154,10979.736,11238.309,11541.734,11249.692,11376.768,11362.918,11331.018,11233.855,11346.14,11461.405,11525.447,11376.965,11234.459,11360.584,11591.869,11317.959
2022-03-19,11248.302,11320.49,11146.386,11261.838,11488.483,11357.341,11001.222,11051.37,11503.497,11660.992,11633.76,11131.23,11880.67,11342.233,11794.444,11057.05,11355.79,11671.558,11334.851,11475.704,11466.033,11436.404,11318.41,11457.7705,11576.781,11665.016,11481.3125,11343.483,11473.559,11732.085,11422.27
2022-03-20,11329.704,11417.011,11232.749,11329.201,11589.523,11444.951,11048.394,11140.731,11615.63,11774.658,11754.159,11217.164,12020.896,11434.434,11930.3545,11129.235,11468.033,11799.121,11417.5625,11568.844,11565.808,11532.192,11399.98,11563.275,11691.171,11800.036,11582.4795,11449.156,11583.034,11863.644,11523.105
2022-03-21,11429.29,11534.591,11338.317,11411.514,11712.834,11556.099,11103.192,11252.531,11757.684,11913.744,11914.714,11315.861,12207.218,11540.623,12095.129,11211.378,11598.746,11955.086,11516.972,11675.716,11686.313,11662.212,11497.169,11684.857,11831.113,11959.113,11704.378,11574.817,11714.535,12035.53,11646.376
2022-03-22,11414.812,11516.572,11323.351,11399.588,11694.969,11540.738,11095.0625,11236.048,11737.544,11893.849,11893.59,11300.927,12182.895,11524.263,12071.206,11198.099,11579.178,11932.746,11502.449,11659.006,11668.649,11642.907,11482.799,11665.995,11811.415,11935.504,11686.574,11556.317,11695.038,12010.555,11628.422
2022-03-23,11415.499,11517.816,11323.449,11400.014,11695.632,11541.043,11095.321,11237.616,11738.037,11894.236,11893.595,11301.755,12182.722,11525.209,12071.767,11200.728,11579.424,11933.321,11502.978,11660.096,11669.259,11645.848,11483.289,11667.226,11811.349,11935.936,11686.994,11556.782,11696.304,12012.196,11629.182
2022-03-24,11405.0625,11505.624,11312.814,11391.506,11682.874,11529.882,11089.471,11225.1455,11723.928,11880.076,11878.197,11291.022,12165.015,11513.35,12054.815,11189.313,11565.975,11917.021,11492.578,11648.377,11656.771,11631.355,11473.145,11653.851,11797.379,11919.438,11674.481,11543.691,11681.96,11994.817,11616.298
2022-03-25,11395.927,11493.639,11303.799,11384.079,11671.673,11520.637,11084.33,11214.845,11711.657,11867.859,11866.064,11280.857,12151.116,11503.069,12040.025,11180.587,11553.74,11903.622,11483.445,11637.279,11645.651,11618.947,11464.061,11641.429,11785.623,11904.745,11663.411,11532.178,11669.4795,11979.173,11605.1
2022-03-26,11390.614,11485.695,11298.443,11379.628,11665.073,11515.663,11081.279,11208.584,11704.166,11860.715,11859.988,11275.467,12144.249,11496.107,12031.108,11175.429,11545.621,11895.595,11478.046,11630.099,11638.92,11610.962,11458.464,11633.483,11778.745,11895.366,11656.581,11525.019,11662.272,11968.945,11598.344
2022-03-27,11391.713,11487.412,11299.191,11380.451,11666.291,11517.433,11081.158,11210.668,11706.612,11861.8955,11863.942,11274.975,12148.708,11495.838,12032.182,11175.63,11545.117,11896.779,11478.67,11629.992,11639.809,11616.452,11458.871,11633.434,11779.627,11895.326,11657.272,11525.312,11663.251,11973.73,11599.591
2022-03-28,11359.751,11450.679,11264.974,11354.007,11626.697,11480.942,11063.736,11174.991,11660.522,11816.909,11810.156,11244.049,12086.201,11462.717,11979.197,11150.592,11504.028,11846.329,11446.84,11596.889,11601.259,11575.133,11427.975,11595.637,11734.045,11844.786,11618.261,11485.28,11621.406,11918.612,11560.085
2022-03-29,11373.261,11467.87,11278.834,11365.138,11643.383,11494.623,11071.657,11190.218,11678.69,11835.364,11827.841,11258.889,12106.55,11478.957,12001.653,11164.037,11523.229,11867.078,11460.589,11613.565,11617.941,11592.065,11441.731,11614.372,11752.211,11867.588,11635.096,11502.993,11639.953,11940.888,11576.876
2022-03-30,11413.58,11519.663,11319.039,11398.075,11692.778,11534.911,11094.934,11235.7295,11732.185,11889.427,11879.488,11303.157,12165.586,11527.398,12067.548,11206.566,11578.818,11928.183,11501.249,11663.476,11667.212,11645.688,11482.268,11670.4795,11804.603,11934.018,11684.404,11554.875,11695.91,12008.493,11626.657
2022-03-31,11459.363,11578.063,11366.731,11435.969,11749.541,11582.3955,11121.41,11287.662,11795.352,11952.765,11942.735,11352.407,12238.455,11580.707,12144.286,11248.017,11643.819,11998.892,11547.764,11718.681,11723.941,11703.261,11528.78,11732.398,11867.48,12011.357,11741.822,11614.832,11757.738,12085.642,11683.742
2022-04-01,11499.116,11624.919,11410.13,11469.08,11799.133,11626.262,11144.278,11331.119,11851.988,12009.406,12004.563,11392.947,12310.126,11625.779,12212.127,11280.12,11699.808,12062.744,11588.217,11763.179,11773.098,11749.5625,11568.8,11782.854,11925.35,12078.685,11792.124,11667.205,11810.505,12151.85,11733.501
2022-04-02,11532.604,11660.472,11446.835,11496.862,11840.686,11665.235,11163.135,11367.622,11899.418,12057.35,12061.948,11426.264,12376.838,11660.601,12268.558,11306.892,11743.47,12117.018,11621.914,11797.274,11813.577,11787.285,11601.326,11822.049,11974.714,12132.645,11833.33,11709.862,11854.838,12205.081,11774.857
2022-04-03,11558.623,11686.496,11474.487,11518.211,11872.66,11696.8955,11175.87,11397.712,11938.005,12093.758,12112.242,11448.334,12434.893,11683.814,12310.634,11324.737,11772.644,12157.666,11646.871,11820.548,11844.008,11825.136,11624.965,11848.954,12011.438,12170.132,11863.815,11740.272,11887.864,12247.209,11806.297
2022-04-04,11487.477,11606.096,11398.683,11459.419,11784.618,11618.081,11136.018,11318.488,11838.345,11993.927,11999.991,11376.302,12305.375,11606.307,12191.527,11264.879,11677.457,12045.258,11575.426,11742.638,11757.311,11738.189,11554.92,11760.476,11910.7295,12054.207,11775.977,11649.303,11793.054,12132.383,11718.43
2022-04-05,11459.247,11573.463,11368.545,11436.096,11749.698,11585.794,11120.777,11286.763,11797.451,11954.242,11952.195,11349.278,12250.056,11577.214,12144.709,11242.819,11641.396,12000.702,11547.417,11713.531,11723.297,11700.862,11527.733,11727.249,11870.583,12009.715,11741.579,11614.068,11756.098,12085.168,11683.593
2022-04-06,11471.038,11587.285,11381.392,11445.924,11764.404,11599.038,11127.427,11299.481,11814.417,11971.051,11971.269,11361.084,12272.199,11589.965,12164.701,11251.549,11657.54,12019.497,11559.334,11726.324,11737.789,11714.72,11539.456,11741.764,11887.745,12029.268,11756.366,11629.349,11771.574,12105.037,11698.266
2022-04-07,11462.077,11573.542,11373.795,11438.829,11753.692,11592.11,11122.027,11288.008,11804.09,11960.254,11965.267,11349.632,12265.845,11577.307,12150.781,11237.44,11644.574,12007.232,11550.298,11712.587,11726.8,11700.175,11530.113,11726.579,11878.39,12014.228,11745.661,11617.737,11758.072,12089.834,11687.232
2022-04-08,11430.516,11531.324,11342.201,11412.905,11714.799,11561.612,11103.427,11252.693,11762.231,11917.828,11927.786,11314.001,12223.141,11538.083,12098.496,11204.313,11598.727,11959.768,11518.161,11671.529,11687.578,11659.014,11497.565,11680.543,11837.343,11960.254,11706.196,11576.06,11714.247,12036.666,11647.967
2022-04-09,11385.891,11475.991,11294.64,11375.77,11659.237,11514.49,11077.322,11203.918,11700.276,11855.27,11864.254,11266.564,12149.63,11485.789,12022.912,11165.186,11534.651,11889.55,11472.571,11618.578,11632.138,11606.791,11452.047,11621.119,11774.407,11883.992,11649.732,11516.937,11654.187,11962.971,11592.226
2022-04-10,11326.592,11407.212,11231.193,11326.658,11585.679,11448.967,11043.591,11137.681,11617.164,11771.926,11771.558,11205.869,12041.916,11420.345,11923.743,11114.94,11454.617,11795.565,11412.679,11553.325,11559.821,11535.175,11393.354,11546.897,11690.054,11786.909,11576.353,11440.67,11575.073,11865.495,11518.701
2022-04-11,11280.302,11353.779,11182.203,11288.494,11528.472,11396.561,11018.355,11085.774,11551.095,11707.28,11694.825,11160.277,11952.617,11372.442,11847.682,11077.315,11395.71,11723.27,11366.644,11505.025,11504.196,11474.589,11348.729,11491.782,11624.957,11714.422,11520.271,11383.103,11514.214,11786.123,11461.685
2022-04-12,11292.209,11367.1455,11195.225,11298.401,11543.35,11409.455,11025.593,11098.274,11567.187,11724.251,11712.256,11173.446,11973.047,11386.283,11867.997,11087.754,11412.875,11742.399,11378.976,11518.803,11518.96,11486.089,11360.895,11507.426,11642.353,11734.915,11535.369,11399.035,11530.353,11803.638,11476.468
2022-04-13,11319.826,11398.586,11224.957,11321.286,11577.602,11441.492,11040.44,11129.04,11607.498,11763.242,11760.282,11199.731,12029.071,11414.149,11913.606,11108.29,11447.734,11785.992,11406.372,11546.582,11552.128,11522.254,11387.39,11539.22,11681.978,11778.016,11568.947,11433.328,11566.139,11851.856,11510.566
2022-04-14,11295.945,11368.711,11200.318,11301.609,11548.096,11416.671,11026.709,11102.187,11574.861,11730.511,11727.08,11174.169,11990.709,11386.4375,11874.115,11085.434,11414.713,11749.299,11382.222,11518.175,11522.84,11491.688,11363.39,11507.208,11649.632,11738.515,11539.417,11402.458,11533.743,11811.87,11480.958
2022-04-15,11275.19,11343.467,11178.239,11284.366,11522.283,11394.34,11014.797,11079.491,11545.785,11701.471,11696.2,11152.556,11954.79,11362.963,11839.348,11067.635,11385.864,11716.838,11361.163,11494.375,11497.293,11466.613,11342.535,11480.319,11620.419,11703.953,11513.478,11375.469,11506.087,11777.22,11455.151
2022-04-16,11258.623,11324.444,11160.407,11270.615,11501.697,11375.903,11005.376,11061.059,11522.46,11678.125,11669.9375,11135.741,11924.135,11344.7705,11811.676,11054.173,11363.571,11690.515,11344.42,11476.345,11477.113,11446.69,11326.157,11459.774,11596.711,11676.906,11492.978,11354.181,11484.09,11749.981,11434.619
2022-04-17,11247.498,11312.056,11148.504,11261.44,11487.931,11363.009,10999.349,11048.712,11506.486,11662.477,11650.701,11124.853,11901.644,11333.636,11793.423,11045.538,11349.708,11673.041,11333.373,11465.185,11463.819,11432.47,11315.532,11446.978,11580.836,11659.71,11479.5625,11340.454,11469.573,11731.145,11420.956
2022-04-18,11251.874,11317.258,11153.191,11265.073,11493.3955,11367.404,11002.137,11053.305,11512.125,11668.616,11656.098,11130.069,11907.947,11339.182,11800.918,11049.933,11356.412,11679.974,11337.975,11470.785,11469.33,11436.468,11320.151,11453.284,11587.038,11667.555,11485.192,11346.485,11475.676,11737.291,11426.405
2022-04-19,11269.07,11337.55,11171.383,11279.29,11514.688,11386.537,11011.632,11072.583,11536.567,11692.587,11683.653,11147.227,11940.042,11357.538,11829.259,11064.214,11378.857,11706.801,11355.162,11489.289,11490.124,11458.852,11336.936,11474.333,11611.131,11694.934,11506.199,11368.139,11498.362,11766.782,11447.657
2022-04-20,11267.725,11335.892,11169.985,11278.181,11513.026,11385.121,11010.861,11071.073,11534.719,11690.735,11681.733,11145.805,11937.816,11355.996,11827.036,11062.966,11377.01,11704.727,11353.803,11487.716,11488.4795,11457.147,11335.59,11472.557,11609.292,11692.721,11504.537,11366.404,11496.549,11764.535,11445.991
2022-04-21,11276.161,11347.428,11177.792,11284.956,11523.222,11392.765,11015.799,11081.531,11545.215,11701.481,11690.444,11155.655,11947.589,11366.852,11840.39,11074.393,11388.626,11716.971,11362.279,11499.091,11498.722,11469.923,11344.123,11485.287,11619.209,11706.464,11514.631,11377.164,11508.708,11778.666,11456.384
2022-04-22,11300.388,11379.925,11201.687,11304.768,11552.964,11416.113,11029.985,11109.087,11577.064,11733.731,11719.164,11183.078,11980.399,11396.67,11879.987,11100.523,11423.037,11753.008,11386.851,11530.419,11528.605,11502.487,11368.871,11520.291,11650.158,11747.042,11544.518,11408.676,11542.389,11819.362,11486.374
2022-04-23,11323.069,11407.957,11226.6,11323.862,11581.471,11440.609,11043.278,11133.148,11609.518,11766.186,11752.971,11206.716,12019.868,11422.763,11918.982,11116.671,11456.358,11789.023,11410.178,11556.866,11557.079,11527.23,11392.201,11550.024,11683.317,11786.441,11573.731,11439.078,11572.185,11857.151,11514.815
2022-04-24,11341.318,11425.829,11247.751,11339.224,11604.3955,11462.868,11053.719,11152.714,11636.206,11793.225,11786.793,11224.068,12059.712,11441.637,11950.431,11129.083,11480.744,11819.928,11428.771,11574.302,11579.293,11545.457,11410.041,11570.239,11712.022,11816.509,11596.682,11462.82,11595.779,11885.42,11537.567
2022-04-25,11351.313,11432.67,11259.71,11347.494,11616.816,11478.284,11058.087,11163.437,11652.838,11808.53,11814.877,11230.744,12092.916,11446.65,11966.6875,11130.613,11489.082,11836.888,11438.115,11578.485,11590.336,11558.0,11418.054,11575.433,11728.723,11828.786,11607.878,11473.423,11607.218,11903.045,11549.504
2022-04-26,11298.934,11368.022,11204.999,11304.222,11551.888,11424.4795,11026.934,11105.575,11582.512,11736.183,11744.826,11172.522,12011.841,11383.8955,11878.955,11079.25,11413.991,11755.499,11384.476,11514.543,11525.509,11496.947,11364.509,11503.221,11656.716,11739.618,11542.188,11404.146,11535.462,11819.663,11484.384
2022-04-27,11187.997,11233.777,11089.13,11212.681,11414.718,11304.909,10964.448,10980.481,11427.871,11582.869,11578.183,11058.2705,11818.347,11260.591,11696.05,10979.691,11265.406,11583.7,11272.968,11389.3545,11390.547,11353.429,11254.835,11360.845,11503.899,11560.158,11406.071,11262.934,11387.171,11631.972,11347.11
2022-04-28,11137.948,11171.878,11036.915,11171.294,11352.663,11252.223,10935.664,10925.186,11358.869,11513.842,11506.722,11004.8,11735.158,11203.306,11613.264,10933.119,11196.314,11506.667,11222.264,11330.749,11329.165,11290.836,11204.575,11295.099,11435.267,11477.604,11344.067,11198.285,11319.966,11548.548,11285.074
2022-04-29,11100.69,11127.982,10996.701,11140.231,11306.184,11211.151,10914.364,10884.308,11306.136,11461.3,11448.601,10965.993,11666.948,11162.127,11550.993,10903.777,11145.049,11447.946,11184.451,11289.52,11283.511,11246.665,11167.404,11249.035,11381.927,11416.246,11297.631,11150.12,11270.887,11486.837,11238.825
2022-04-30,11084.2,11111.98,10977.729,11126.3,11285.475,11190.467,10905.318,10866.704,11281.597,11436.993,11416.144,10950.839,11628.356,11146.6,11523.283,10895.618,11124.157,11420.661,11167.868,11274.917,11263.794,11228.992,11151.734,11231.984,11356.195,11390.515,11277.397,11129.503,11250.063,11460.389,11218.526
2022-05-01,11088.488,11120.032,10981.708,11129.934,11290.873,11192.241,10908.864,10871.082,11285.764,11442.415,11414.225,10958.821,11625.811,11155.427,11531.099,10903.617,11133.269,11426.735,11172.839,11284.467,11270.004,11231.856,11157.455,11242.286,11361.028,11400.82,11283.764,11136.851,11256.955,11465.68,11224.147
2022-05-02,11135.963,11176.467,11032.202,11169.388,11349.917,11243.483,10936.2705,10923.281,11351.632,11508.667,11485.131,11009.028,11708.913,11208.985,11609.965,10944.396,11198.652,11500.933,11221.073,11338.384,11328.107,11288.634,11204.962,11303.418,11427.743,11479.051,11342.683,11198.254,11320.305,11543.173,11282.971
2022-05-03,11180.185,11227.313,11079.552,11206.035,11404.846,11293.303,10960.875,10972.206,11414.514,11570.748,11557.406,11053.156,11793.641,11255.719,11682.942,10979.495,11257.218,11570.324,11265.472,11385.185,11381.543,11343.822,11248.126,11356.628,11490.605,11549.453,11396.786,11254.037,11378.382,11617.377,11337.563
2022-05-04,11188.453,11236.596,11088.054,11212.774,11414.948,11303.059,10965.003,10982.31,11426.596,11582.063,11572.505,11060.582,11811.218,11263.454,11695.966,10986.119,11266.677,11583.044,11273.429,11392.892,11391.116,11356.881,11255.6455,11365.719,11501.841,11561.162,11406.303,11263.618,11389.101,11632.642,11347.659
2022-05-05,11167.376,11211.873,11065.783,11195.348,11388.844,11280.023,10953.065,10958.373,11397.219,11552.76,11540.106,11038.693,11773.402,11240.093,11661.184,10968.12,11238.57,11550.03,11252.195,11369.55,11365.542,11330.275,11234.8545,11339.163,11472.408,11527.116,11380.446,11236.75,11360.956,11597.649,11321.592
2022-05-06,11151.354,11192.4375,11049.339,11182.21,11369.099,11262.918,10944.065,10940.235,11375.228,11530.877,11516.462,11022.096,11745.9,11222.451,11635.132,10952.54,11217.281,11525.633,11236.141,11351.387,11346.184,11309.179,11219.108,11318.315,11450.809,11501.644,11361.033,11216.607,11339.418,11570.794,11301.863
2022-05-07,11131.996,11166.336,11030.562,11166.446,11345.416,11244.28,10932.984,10917.337,11349.659,11505.483,11493.228,11000.5205,11719.33,11198.82,11604.062,10929.978,11190.425,11497.13,11216.701,11326.689,11322.576,11280.801,11199.602,11289.506,11426.714,11470.126,11337.529,11191.904,11312.568,11537.235,11277.865
2022-05-08,11107.279,11132.728,11006.057,11146.165,11314.899,11221.394,10917.925,10890.097,11317.875,11472.62,11466.797,10971.024,11688.982,11166.891,11563.347,10900.462,11154.0205,11460.472,11191.275,11293.13,11291.694,11249.938,11173.696,11251.713,11395.185,11427.321,11306.496,11158.855,11277.931,11497.399,11247.122
2022-05-09,11038.859,11047.454,10935.133,11089.634,11230.112,11150.333,10878.326,10813.39,11224.351,11378.83,11371.738,10896.731,11578.161,11087.299,11450.662,10834.809,11058.83,11355.594,11121.854,11211.835,11207.796,11163.456,11104.772,11159.716,11302.334,11314.373,11221.837,11070.35,11185.649,11383.886,11162.2705
2022-05-10,10960.813,10952.051,10853.808,11024.995,11133.316,11068.303,10833.166,10726.449,11117.571,11271.498,11260.794,10812.742,11448.243,10997.801,11322.375,10760.444,10951.315,11235.755,11042.646,11120.606,11112.368,11066.044,11026.486,11056.314,11195.669,11186.303,11125.549,10969.821,11080.792,11255.882,11065.664
2022-05-11,10884.067,10860.209,10772.687,10961.2705,11037.882,10985.006,10789.589,10641.732,11010.142,11164.905,11143.827,10733.036,11310.48,10913.308,11196.383,10693.614,10847.218,11117.255,10965.05,11034.931,11018.98,10969.314,10950.396,10960.186,11088.773,11062.447,11031.205,10872.104,10979.467,11127.986,10970.783
2022-05-12,10862.238,10837.492,10747.646,10942.756,11010.324,10958.479,10777.443,10617.649,10977.617,11132.879,11102.799,10712.271,11261.379,10891.879,11159.736,10683.126,10818.124,11080.723,10942.924,11014.402,10992.584,10945.507,10929.228,10937.701,11055.017,11027.696,11004.089,10844.422,10952.043,11092.271,10943.748
2022-05-13,10867.627,10848.297,10752.21,10947.066,11016.994,10960.997,10781.035,10622.546,10983.54,11139.334,11101.693,10721.057,11259.523,10901.732,11168.927,10695.604,10828.2295,11086.064,10948.817,11025.619,11000.097,10950.469,10935.938,10949.5205,11060.168,11039.264,11010.153,10852.743,10960.245,11101.231,10950.559
2022-05-14,10916.626,10910.187,10802.292,10987.492,11077.631,11009.829,10809.941,10679.182,11048.402,11205.693,11163.592,10777.179,11331.854,10961.709,11249.279,10746.281,10898.221,11159.062,10998.974,11086.81,11060.46,11013.153,10986.027,11018.68,11125.03,11121.499,11067.81,10916.86,11027.44,11179.413,11011.222
2022-05-15,11010.022,11023.652,10899.863,11065.024,11193.568,11109.035,10864.116,10783.071,11176.913,11334.388,11299.547,10875.881,11491.688,11066.787,11402.322,10832.49,11025.811,11304.56,11093.587,11194.252,11174.323,11130.896,11079.246,11140.251,11253.545,11273.265,11187.216,11036.458,11152.19,11333.488,11126.917
2022-05-16,11089.522,11120.046,10983.413,11130.85,11292.246,11194.719,10909.058,10872.108,11288.351,11444.382,11419.698,10958.688,11632.43,11155.061,11532.87,10901.287,11133.869,11428.963,11173.716,11283.6045,11271.023,11233.44,11158.03,11241.523,11363.5205,11401.655,11284.902,11137.723,11257.622,11468.321,11225.422
2022-05-17,11114.538,11149.274,11010.17,11151.698,11323.409,11221.317,10924.019,10899.014,11322.178,11479.425,11455.438,10986.078,11674.417,11184.127,11574.786,10923.732,11168.866,11468.274,11199.42,11312.862,11301.86,11260.413,11183.435,11274.673,11398.947,11443.856,11316.243,11170.681,11291.437,11506.706,11256.377
2022-05-18,11175.7,11222.849,11073.694,11202.071,11398.952,11287.714,10958.014,10968.685,11407.612,11563.512,11549.018,11048.526,11783.504,11250.895,11674.487,10978.689,11250.092,11562.396,11260.618,11380.616,11375.67,11342.302,11243.309,11351.6045,11482.506,11540.835,11390.494,11247.497,11372.921,11611.175,11331.865
2022-05-19,11176.498,11225.105,11074.52,11202.804,11400.056,11287.954,10958.664,10968.817,11408.719,11564.648,11548.496,11049.889,11782.869,11252.336,11676.1455,10979.515,11252.33,11563.222,11261.596,11382.677,11377.029,11342.245,11244.541,11353.697,11483.543,11543.122,11391.923,11249.019,11373.923,11612.683,11332.951
2022-05-20,11175.882,11223.256,11074.9375,11202.544,11399.545,11288.1875,10958.443,10967.495,11408.734,11564.6875,11549.815,11048.608,11784.68,11251.568,11675.978,10975.689,11252.158,11563.505,11261.172,11381.076,11376.509,11339.212,11244.086,11351.525,11484.401,11542.986,11391.73,11248.792,11372.603,11611.24,11332.369
2022-05-21,11179.334,11224.908,11079.007,11205.336,11403.796,11293.087,10960.384,10971.518,11413.414,11569.883,11557.883,11051.993,11794.337,11254.1875,11681.624,10977.499,11255.454,11569.554,11264.61,11383.21,11380.351,11341.762,11247.059,11354.745,11490.089,11547.731,11395.627,11252.806,11377.156,11615.027,11336.443
2022-05-22,11190.034,11237.949,11089.654,11214.02,11416.816,11305.606,10965.409,10984.12,11429.446,11584.263,11577.524,11060.857,11817.085,11263.6455,11698.15,10986.736,11267.166,11585.345,11274.711,11393.163,11392.672,11360.537,11256.637,11366.1455,11504.053,11562.304,11407.751,11264.787,11390.771,11636.485,11349.462
2022-05-23,11153.738,11197.203,11050.493,11183.916,11371.74,11263.887,10945.41,10944.129,11377.355,11532.988,11515.901,11025.411,11744.797,11226.3125,11638.199,10959.373,11220.428,11528.035,11238.401,11355.982,11348.974,11315.5,11221.53,11323.595,11451.844,11505.108,11363.495,11219.346,11343.438,11575.549,11304.737
2022-05-24,11162.057,11209.108,11058.577,11190.756,11382.013,11270.594,10950.985,10953.397,11387.112,11543.901,11521.693,11036.713,11751.286,11238.653,11652.21,10970.984,11233.73,11540.359,11247.231,11368.962,11359.696,11324.374,11230.775,11337.953,11462.155,11520.783,11374.302,11231.189,11355.703,11587.491,11315.158
2022-05-25,11195.969,11248.851,11095.37,11219.042,11424.353,11308.519,10970.161,10989.949,11435.637,11591.953,11576.185,11070.868,11815.216,11275.221,11708.979,10996.439,11280.203,11593.835,11281.563,11405.726,11401.194,11364.491,11264.429,11379.325,11511.092,11576.318,11416.541,11274.82,11400.044,11644.223,11357.218
2022-05-26,11209.987,11263.461,11110.764,11230.678,11441.746,11325.13,10977.865,11006.211,11455.834,11611.938,11601.245,11084.068,11844.6455,11289.577,11732.188,11006.1045,11298.071,11616.649,11295.57,11419.323,11417.914,11381.901,11277.8125,11395.467,11531.703,11598.186,11433.54,11292.315,11418.372,11667.331,11374.5205
2022-05-27,11218.954,11274.458,11119.111,11237.78,11452.512,11334.421,10982.643,11016.838,11467.513,11623.477,11613.908,11093.701,11859.146,11298.997,11745.898,11017.54,11308.392,11629.511,11304.268,11429.425,11428.328,11396.112,11286.192,11406.938,11542.49,11611.081,11443.661,11302.771,11430.814,11682.668,11385.317
2022-05-28,11230.856,11293.864,11129.178,11247.302,11466.79,11343.76,10989.4375,11031.61,11482.323,11637.828,11622.807,11108.019,11868.605,11315.28,11764.339,11035.317,11325.44,11645.459,11316.109,11447.395,11443.007,11417.59,11298.508,11426.689,11554.796,11630.681,11457.929,11317.913,11448.077,11705.388,11400.077
2022-05-29,11244.971,11316.213,11142.481,11258.932,11484.24,11353.692,10999.259,11047.38,11498.328,11656.035,11628.599,11127.924,11874.637,11338.062,11788.432,11055.1,11350.36,11665.933,11331.363,11471.796,11461.711,11432.635,11314.878,11453.384,11571.55,11658.808,11476.781,11338.787,11469.345,11725.979,11417.92
2022-05-30,11337.318,11428.934,11239.366,11335.3125,11598.682,11451.592,11052.458,11150.515,11625.648,11783.984,11761.835,11225.592,12029.317,11444.035,11942.024,11139.167,11478.506,11809.537,11424.989,11579.286,11574.991,11546.811,11407.571,11574.828,11699.336,11811.923,11591.423,11458.501,11593.796,11879.006,11532.543
2022-05-31,11434.153,11545.09,11341.423,11415.313,11718.576,11556.523,11107.32,11258.753,11760.715,11918.708,11908.152,11325.617,12198.875,11551.967,12103.048,11224.282,11609.709,11960.847,11522.554,11688.461,11693.148,11668.165,11503.685,11698.518,11834.377,11970.409,11711.004,11582.827,11723.537,12041.297,11652.568
2022-06-01,11488.966,11609.497,11400.229,11460.761,11786.621,11617.98,11137.751,11319.354,11839.255,11995.98,11996.946,11380.048,12301.783,11610.648,12194.805,11267.462,11682.688,12047.466,11577.514,11747.419,11759.91,11736.752,11557.541,11765.524,11912.65,12059.38,11778.788,11652.762,11795.77,12135.055,11720.577
2022-06-02,11489.303,11607.408,11401.656,11461.159,11787.186,11620.297,11137.645,11319.314,11840.9795,11997.393,12002.765,11378.725,12308.838,11609.218,12195.774,11264.959,11681.962,12049.283,11577.745,11745.052,11760.076,11735.878,11557.364,11763.209,11914.975,12059.181,11779.167,11652.866,11795.411,12135.416,11721.007
2022-06-03,11481.213,11596.429,11392.862,11454.313,11776.981,11612.325,11132.642,11310.881,11829.719,11985.905,11992.925,11369.784,12297.503,11598.671,12181.546,11258.354,11668.814,12036.447,11569.255,11734.296,11749.609,11727.365,11548.601,11751.269,11903.374,12044.033,11768.36,11641.419,11784.468,12121.424,11710.693
2022-06-04,11462.103,11574.866,11372.118,11438.453,11753.229,11591.26,11121.456,11289.945,11803.292,11958.775,11963.579,11349.659,12263.454,11576.947,12149.101,11241.414,11642.211,12005.6,11549.759,11712.924,11726.127,11706.249,11529.432,11726.935,11875.673,12011.877,11744.401,11616.303,11758.696,12090.527,11686.877
2022-06-05,11434.461,11543.732,11342.371,11415.614,11718.996,11559.069,11106.592,11259.307,11763.07,11919.676,11915.274,11323.257,12207.366,11549.301,12103.256,11220.958,11607.405,11961.864,11522.3545,11685.247,11692.93,11670.677,11502.988,11695.245,11835.8955,11968.704,11710.813,11582.002,11722.748,12044.179,11652.844
2022-06-06,11455.105,11569.457,11363.663,11432.602,11744.484,11580.109,11118.808,11282.246,11790.598,11948.017,11942.448,11346.348,12238.616,11574.049,12137.729,11241.548,11636.805,11993.766,11543.425,11710.634,11718.433,11695.387,11524.024,11723.795,11863.923,12003.704,11736.57,11609.165,11751.224,12077.269,11678.464
2022-06-07,11498.741,11623.158,11409.058,11468.568,11798.361,11626.786,11143.329,11331.518,11851.431,12008.262,12007.014,11391.271,12312.941,11623.11,12210.111,11280.968,11695.794,12061.494,11587.226,11760.573,11771.688,11752.604,11567.311,11780.223,11923.829,12075.025,11790.326,11665.024,11809.938,12152.101,11732.594
2022-06-08,11514.702,11642.909,11426.1,11481.832,11818.236,11643.573,11152.737,11349.003,11873.5,12030.708,12029.453,11408.5,12338.836,11641.918,12237.314,11294.645,11718.996,12086.65,11603.581,11779.713,11791.602,11770.707,11583.677,11801.737,11946.44,12102.598,11810.628,11686.314,11831.495,12178.151,11752.542
2022-06-09,11534.194,11664.545,11447.707,11498.078,11842.556,11666.265,11163.601,11370.12,11901.927,12058.818,12063.119,11427.326,12377.944,11662.36,12270.495,11308.677,11745.04,12118.363,11623.204,11799.701,11815.3955,11793.398,11602.788,11824.608,11975.469,12134.519,11834.975,11711.398,11856.903,12210.573,11776.802
2022-06-10,11524.309,11648.453,11439.301,11490.207,11830.658,11659.305,11157.36,11357.615,11890.754,12046.902,12058.509,11414.217,12373.315,11647.226,12254.78,11292.763,11729.377,12104.807,11613.03,11783.307,11802.933,11778.026,11592.017,11806.616,11965.193,12116.753,11822.722,11697.948,11841.792,12192.356,11764.418
2022-06-11,11463.11,11567.789,11378.182,11440.131,11755.459,11599.589,11121.382,11287.733,11810.195,11964.783,11984.443,11345.235,12289.004,11571.586,12153.798,11226.318,11641.993,12012.201,11550.898,11704.863,11727.406,11697.758,11529.424,11716.761,11885.656,12013.149,11746.808,11617.646,11756.337,12089.118,11688.292
2022-06-12,11345.899,11421.305,11257.043,11343.492,11610.547,11478.5,11053.723,11156.995,11649.961,11803.908,11823.663,11219.276,12103.979,11434.207,11958.837,11111.771,11477.816,11831.748,11432.184,11563.842,11583.073,11548.985,11410.9795,11557.963,11726.646,11817.177,11601.009,11465.0,11596.968,11894.743,11542.708
2022-06-13,11207.61,11250.111,11112.5625,11229.182,11439.214,11333.218,10973.872,11002.092,11459.808,11612.916,11627.561,11071.843,11876.787,11274.054,11728.877,10982.913,11285.531,11617.315,11291.959,11401.0205,11413.17,11376.719,11271.769,11374.057,11536.54,11587.278,11429.15,11285.345,11410.229,11666.073,11370.957
2022-06-14,11052.891,11062.852,10950.303,11101.1875,11247.442,11167.7705,10885.245,10829.526,11245.942,11398.781,11399.799,10908.381,11611.118,11099.587,11473.313,10842.2295,11074.967,11377.725,11135.446,11223.924,11224.238,11184.003,11117.524,11173.437,11322.728,11334.475,11238.334,11086.693,11203.055,11410.221,11179.438
2022-06-15,10915.429,10896.805,10806.638,10987.504,11077.093,11019.909,10806.979,10675.453,11054.754,11209.178,11193.9375,10765.1455,11369.819,10947.102,11248.363,10717.754,10889.925,11166.326,10996.877,11068.918,11057.248,11006.81,10981.501,10997.508,11133.804,11113.329,11070.065,10912.236,11020.324,11179.821,11009.554
2022-06-16,10857.431,10826.871,10745.269,10939.26,11004.859,10957.628,10774.115,10611.797,10974.0,11128.633,11107.467,10703.964,11267.823,10882.286,11152.914,10665.97,10810.281,11076.892,10937.998,11003.06,10986.383,10933.976,10923.554,10924.068,11053.037,11018.746,10998.395,10837.799,10943.583,11084.106,10937.739
2022-06-17,10796.42,10752.512,10682.646,10888.172,10928.943,10894.007,10736.728,10540.236,10891.274,11045.771,11021.444,10638.135,11166.763,10812.312,11054.232,10605.511,10727.422,10982.569,10876.366,10931.997,10912.464,10854.377,10862.882,10841.34,10971.348,10920.702,10924.163,10760.215,10861.334,10983.688,10862.198
2022-06-18,10742.044,10685.134,10626.504,10843.412,10861.859,10837.193,10704.509,10480.418,10816.815,10971.507,10944.496,10580.51,11075.932,10751.05,10965.938,10550.86,10652.53,10899.046,10821.283,10868.383,10846.153,10778.367,10808.472,10770.229,10897.785,10832.794,10854.469,10690.964,10788.915,10893.767,10794.712
2022-06-19,10700.441,10633.135,10582.909,10809.111,10810.085,10793.482,10682.021,10432.455,10758.89,10914.323,10884.757,10535.708,11005.247,10703.171,10897.951,10510.247,10595.187,10833.486,10778.943,10819.962,10795.255,10728.422,10766.667,10715.858,10840.615,10764.827,10799.205,10637.417,10733.831,10822.592,10742.872
2022-06-20,10680.143,10610.524,10560.792,10792.239,10784.615,10771.934,10670.299,10409.933,10732.209,10885.707,10856.478,10512.573,10971.326,10679.208,10863.966,10494.59,10564.993,10804.319,10757.836,10796.012,10770.158,10705.508,10745.774,10688.917,10811.772,10730.13,10779.282,10610.348,10706.355,10795.242,10718.1045
2022-06-21,10617.571,10535.152,10494.877,10740.122,10707.183,10701.739,10633.946,10330.458,10643.23,10799.235,10753.226,10451.694,10847.923,10612.824,10763.911,10443.26,10484.941,10701.895,10695.085,10731.464,10695.746,10623.812,10685.723,10615.5625,10723.795,10634.582,10690.533,10533.613,10625.351,10683.095,10640.051
2022-06-22,10653.879,10582.112,10532.354,10770.161,10751.953,10739.852,10656.122,10373.507,10692.744,10848.547,10805.538,10489.9,10910.273,10655.595,10822.15,10479.271,10533.918,10757.836,10731.695,10772.731,10739.452,10670.809,10721.574,10662.351,10772.941,10692.318,10737.215,10579.351,10673.31,10745.15,10685.154
2022-06-23,10672.2705,10603.615,10552.265,10785.358,10775.008,10760.239,10665.826,10394.932,10718.778,10874.424,10834.656,10508.868,10945.193,10675.461,10852.38,10494.484,10559.136,10787.094,10750.483,10792.7295,10761.855,10693.206,10739.854,10684.264,10799.366,10722.025,10761.388,10602.868,10697.288,10776.43,10708.059
2022-06-24,10669.417,10597.032,10551.005,10781.611,10770.899,10760.026,10661.381,10392.255,10716.752,10872.059,10838.07,10503.087,10949.917,10669.542,10848.387,10482.298,10554.43,10785.163,10747.645,10785.672,10758.152,10685.291,10736.437,10675.491,10798.606,10716.681,10759.459,10598.578,10692.308,10771.845,10704.315
2022-06-25,10653.574,10575.581,10534.534,10768.29,10751.913,10744.745,10651.451,10378.292,10695.385,10850.428,10819.361,10485.132,10927.818,10649.706,10822.002,10463.471,10530.658,10762.235,10731.266,10764.859,10738.152,10664.649,10719.701,10653.45,10777.427,10688.974,10740.642,10577.565,10671.116,10746.386,10684.626
2022-06-26,10624.099,10540.857,10502.87,10744.277,10715.049,10713.067,10637.269,10344.921,10654.87,10809.299,10775.881,10453.06,10875.87,10615.898,10773.456,10439.355,10488.497,10716.654,10701.074,10731.289,10702.097,10632.272,10690.003,10615.455,10735.852,10640.387,10704.882,10539.285,10632.009,10700.128,10648.334
2022-06-27,10585.765,10498.011,10461.953,10712.641,10667.285,10669.861,10615.391,10296.484,10601.067,10755.805,10713.086,10414.852,10800.618,10576.109,10711.596,10408.329,10438.572,10655.265,10662.221,10691.266,10656.1875,10582.39,10652.767,10569.857,10681.403,10580.879,10654.034,10491.606,10581.848,10636.39,10600.784
2022-06-28,10572.236,10480.002,10455.089,10700.415,10659.382,10657.946,10606.632,10283.519,10590.311,10746.7705,10697.339,10411.069,10781.239,10560.643,10702.02,10403.317,10433.098,10641.815,10652.923,10683.611,10649.169,10572.612,10637.183,10564.335,10671.411,10572.284,10637.231,10485.021,10574.023,10615.222,10589.929
2022-06-29,10630.48,10552.35,10508.462,10750.825,10722.929,10716.209,10642.026,10346.944,10661.327,10816.929,10774.732,10463.956,10873.871,10627.975,10784.266,10453.547,10501.253,10722.672,10707.85,10744.229,10710.808,10639.617,10697.888,10629.998,10741.963,10653.995,10708.217,10549.222,10641.748,10706.723,10656.101
2022-06-30,10635.281,10557.366,10514.422,10754.102,10728.702,10722.471,10643.306,10351.921,10668.948,10824.371,10784.831,10468.028,10886.283,10632.254,10792.594,10454.318,10507.975,10731.028,10712.849,10748.332,10716.734,10644.291,10702.615,10633.527,10750.187,10661.889,10715.114,10555.353,10647.424,10715.232,10662.058
2022-07-01,10619.864,10535.209,10500.173,10737.559,10708.398,10709.159,10627.346,10333.892,10649.741,10804.875,10770.539,10448.539,10870.032,10612.119,10768.279,10428.945,10485.687,10709.875,10697.229,10726.119,10697.038,10619.101,10686.61,10608.253,10732.463,10636.279,10697.059,10534.867,10625.698,10690.327,10642.375
2022-07-02,10585.611,10490.282,10465.295,10704.438,10665.519,10675.62,10604.009,10297.448,10603.918,10758.777,10728.353,10409.496,10820.275,10570.283,10712.504,10388.774,10436.549,10659.319,10662.168,10682.992,10654.796,10573.871,10651.334,10559.777,10687.597,10578.864,10655.135,10489.968,10579.48,10634.295,10599.559
2022-07-03,10531.848,10423.81,10408.972,10652.756,10598.994,10619.804,10568.754,10237.424,10531.166,10685.021,10654.035,10350.132,10731.689,10507.583,10624.84,10337.0205,10360.137,10578.132,10607.178,10619.375,10588.928,10507.908,10596.902,10487.79,10614.271,10490.447,10590.118,10420.496,10507.724,10549.212,10532.749
2022-07-04,10451.225,10325.008,10326.6,10575.828,10501.498,10534.028,10519.481,10141.993,10422.643,10577.001,10535.186,10268.522,10589.093,10417.722,10498.539,10261.07,10254.77,10455.34,10527.024,10531.443,10494.231,10406.642,10519.01,10388.948,10505.819,10366.506,10486.756,10321.77,10403.93,10415.824,10434.114
2022-07-05,10395.385,10258.851,10277.534,10517.833,10449.791,10473.498,10472.034,10089.378,10364.626,10520.0625,10470.852,10225.892,10511.503,10352.917,10432.322,10220.32,10200.308,10389.091,10475.019,10475.649,10442.087,10352.134,10451.73,10333.691,10442.262,10297.034,10422.594,10267.34,10346.522,10339.668,10375.597
2022-07-06,10381.27,10239.942,10264.728,10500.082,10426.965,10461.654,10452.627,10067.301,10345.463,10500.486,10455.646,10204.75,10494.032,10336.048,10408.145,10194.917,10177.128,10367.655,10460.372,10454.298,10422.208,10329.212,10439.696,10308.713,10425.758,10272.765,10405.803,10247.536,10326.02,10315.587,10356.227
2022-07-07,10349.225,10201.099,10233.926,10457.939,10386.816,10428.129,10416.528,10036.192,10305.838,10460.849,10417.341,10173.29,10448.225,10300.452,10360.841,10157.016,10135.153,10324.299,10427.581,10417.869,10383.011,10288.34,10406.638,10267.256,10386.227,10224.265,10368.411,10208.138,10286.583,10267.46,10317.498
2022-07-08,10323.654,10170.82,10207.207,10420.604,10354.756,10395.383,10386.082,10014.66,10272.581,10427.543,10380.44,10150.122,10403.354,10272.827,10322.097,10145.807,10102.888,10287.177,10398.839,10393.112,10354.519,10263.098,10376.431,10241.019,10351.26,10185.209,10337.269,10177.534,10255.698,10229.65,10286.722
2022-07-09,10309.543,10160.581,10193.209,10396.406,10338.327,10366.684,10365.361,9999.184,10254.865,10411.946,10355.67,10142.848,10372.428,10254.774,10305.715,10148.181,10091.3955,10269.671,10380.637,10382.267,10342.302,10253.873,10355.089,10233.335,10332.935,10170.497,10316.804,10165.483,10242.526,10216.149,10270.956
2022-07-10,10285.548,10138.971,10160.455,10380.503,10325.258,10336.683,10354.486,9990.648,10249.268,10385.835,10327.767,10145.063,10356.582,10226.728,10309.492,10148.007,10100.274,10258.902,10349.065,10365.944,10328.79,10254.656,10308.985,10231.482,10310.221,10167.077,10286.641,10153.427,10228.982,10202.49,10255.607
2022-07-11,10393.035,10266.277,10274.283,10515.509,10455.491,10464.942,10462.673,10100.601,10378.9375,10528.775,10475.257,10243.485,10519.942,10353.555,10455.662,10240.521,10224.124,10406.028,10471.168,10487.09,10453.379,10371.16,10439.802,10355.334,10449.262,10317.504,10422.697,10281.438,10358.063,10355.144,10384.037
2022-07-12,10475.616,10357.609,10358.71,10610.003,10543.883,10557.65,10535.38,10176.129,10466.54,10622.463,10575.681,10308.133,10636.936,10445.515,10553.477,10299.404,10304.561,10503.145,10554.973,10567.36,10535.927,10448.763,10534.891,10434.827,10546.568,10420.209,10519.598,10365.425,10449.391,10462.504,10472.375
2022-07-13,10499.773,10385.864,10376.156,10634.777,10561.88,10584.505,10557.806,10197.721,10487.252,10642.167,10601.148,10321.423,10667.816,10473.756,10575.823,10312.351,10321.407,10527.674,10576.2,10588.47,10553.153,10468.345,10567.661,10453.539,10570.225,10444.09,10546.8545,10383.373,10468.216,10492.989,10494.748
2022-07-14,10466.73,10345.312,10345.402,10601.768,10523.99,10553.224,10534.121,10160.62,10446.7705,10601.691,10558.512,10289.016,10616.837,10435.654,10528.106,10281.045,10280.814,10481.745,10544.351,10552.12,10516.454,10430.313,10533.306,10413.936,10530.068,10396.774,10507.87,10345.416,10428.456,10442.686,10456.437
2022-07-15,10427.501,10295.44,10309.443,10554.776,10477.015,10512.1045,10496.651,10115.546,10399.105,10554.0,10511.229,10248.466,10560.624,10389.065,10471.314,10237.091,10231.537,10428.132,10505.651,10505.533,10471.884,10379.889,10489.559,10362.913,10482.541,10338.177,10460.183,10299.54,10380.175,10382.381,10409.249
2022-07-16,10399.3125,10260.829,10281.378,10519.912,10447.717,10479.968,10467.201,10093.43,10365.985,10521.352,10476.885,10225.381,10519.182,10356.699,10432.859,10213.674,10198.754,10391.641,10476.854,10476.046,10441.997,10349.936,10457.768,10332.069,10446.7295,10297.694,10427.023,10267.723,10349.074,10341.345,10377.214
2022-07-17,10396.014,10256.372,10274.212,10508.11,10436.235,10471.675,10467.762,10084.711,10354.05,10508.654,10462.199,10216.083,10501.245,10354.093,10418.278,10214.684,10185.924,10378.244,10469.432,10471.854,10434.016,10346.649,10454.945,10324.523,10436.594,10285.342,10419.157,10258.372,10338.559,10332.017,10368.669
2022-07-18,10364.622,10223.874,10244.833,10468.084,10407.075,10427.194,10429.945,10056.12,10324.827,10479.831,10423.668,10197.316,10454.087,10314.801,10386.154,10198.111,10161.982,10344.27,10437.462,10442.9375,10407.558,10316.749,10410.422,10300.255,10399.506,10251.298,10379.428,10230.972,10307.896,10294.896,10336.206
2022-07-19,10361.432,10229.124,10240.922,10482.996,10418.8545,10430.689,10437.516,10071.28,10342.339,10488.42,10433.564,10215.997,10475.427,10317.321,10415.141,10215.135,10189.584,10365.365,10435.726,10451.783,10417.146,10339.551,10402.168,10320.616,10411.164,10274.995,10384.686,10245.825,10321.589,10311.392,10348.258
2022-07-20,10485.707,10372.227,10366.058,10621.117,10554.685,10565.466,10549.654,10188.544,10475.8125,10631.677,10579.486,10319.742,10640.51,10459.952,10565.646,10318.401,10315.469,10513.9375,10564.434,10582.188,10546.549,10465.282,10546.301,10452.693,10554.644,10433.945,10530.6,10376.903,10462.339,10478.171,10483.9375
2022-07-21,10531.261,10431.305,10412.018,10664.441,10609.186,10612.813,10581.934,10237.844,10534.848,10690.862,10636.871,10368.274,10708.652,10514.296,10636.437,10368.746,10376.893,10579.481,10610.985,10637.782,10600.327,10525.977,10594.9375,10513.456,10614.044,10506.609,10586.665,10433.46,10521.174,10550.946,10539.75
2022-07-22,10584.221,10497.575,10465.66,10711.251,10673.089,10669.29,10614.63,10295.606,10604.867,10761.117,10708.183,10424.696,10793.661,10576.779,10719.912,10420.293,10449.044,10657.911,10665.0,10699.785,10663.096,10588.654,10650.905,10582.326,10684.965,10591.659,10652.138,10499.641,10589.469,10635.273,10604.356
2022-07-23,10643.124,10567.31,10526.09,10761.494,10744.373,10732.238,10649.333,10362.215,10683.185,10840.187,10792.881,10485.336,10894.863,10643.168,10812.931,10471.319,10527.87,10746.118,10724.13,10765.428,10732.543,10660.515,10712.118,10656.347,10764.347,10684.517,10724.383,10572.667,10665.389,10727.289,10675.79
2022-07-24,10708.077,10646.019,10589.681,10815.373,10819.461,10799.077,10687.092,10439.925,10768.459,10923.649,10889.359,10545.79,11010.167,10714.457,10910.114,10526.432,10606.778,10843.843,10786.75,10832.247,10804.979,10739.977,10775.017,10729.629,10848.74,10778.409,10808.976,10647.791,10744.754,10836.79,10752.593
2022-07-25,10696.001,10631.5,10577.084,10805.341,10804.457,10786.202,10679.998,10425.422,10751.858,10907.067,10871.602,10533.05,10989.101,10700.996,10890.542,10515.352,10590.351,10825.049,10774.483,10818.524,10790.335,10724.115,10763.026,10714.025,10832.184,10759.071,10793.416,10632.469,10728.718,10816.82,10737.605
2022-07-26,10686.412,10619.756,10567.155,10797.387,10792.556,10776.037,10674.356,10413.651,10738.604,10893.97,10857.56,10522.9795,10972.473,10690.306,10875.065,10506.141,10577.461,10809.992,10764.757,10807.59,10778.72,10711.378,10753.523,10701.595,10819.141,10743.801,10780.645,10620.356,10716.002,10800.4795,10725.661
2022-07-27,10677.303,10607.85,10558.214,10789.445,10781.256,10767.312,10668.269,10403.145,10726.807,10881.985,10846.874,10512.516,10960.013,10679.061,10860.497,10494.67,10564.732,10796.714,10755.513,10795.896,10767.592,10698.69,10744.258,10687.889,10807.718,10728.876,10769.773,10608.638,10703.41,10785.724,10714.354
2022-07-28,10663.573,10590.579,10543.919,10778.356,10764.232,10753.105,10660.309,10387.955,10707.982,10863.167,10827.87,10497.6045,10937.479,10663.277,10838.073,10480.537,10545.476,10775.808,10741.49,10779.546,10750.722,10680.171,10730.358,10669.893,10789.045,10706.302,10752.321,10590.909,10685.154,10763.04,10697.276
2022-07-29,10655.163,10581.269,10534.383,10771.372,10753.591,10743.382,10656.549,10378.376,10695.746,10850.983,10813.558,10488.974,10920.225,10654.272,10823.96,10475.795,10533.659,10762.04,10732.832,10770.836,10740.417,10672.148,10721.964,10660.547,10776.281,10692.45,10741.289,10579.97,10674.399,10749.362,10686.86
2022-07-30,10661.436,10592.113,10539.324,10776.242,10761.086,10747.381,10660.602,10384.92,10702.848,10858.16,10815.663,10497.589,10922.051,10663.973,10833.599,10490.984,10542.978,10769.83,10739.172,10781.611,10748.311,10683.499,10728.766,10673.364,10781.975,10703.304,10748.459,10588.263,10683.82,10760.44,10694.725
2022-07-31,10682.292,10619.761,10560.248,10793.408,10786.982,10766.634,10673.153,10404.94,10729.685,10885.992,10837.713,10522.883,10947.664,10691.081,10867.906,10515.476,10574.352,10798.873,10760.649,10810.054,10774.503,10709.904,10750.796,10704.972,10808.553,10739.616,10771.239,10616.252,10712.418,10790.814,10720.294
2022-08-01,10740.545,10691.194,10621.266,10841.858,10859.488,10828.056,10707.189,10472.41,10809.607,10966.107,10921.275,10585.655,11046.911,10757.546,10962.916,10572.31,10654.882,10888.944,10820.02,10877.579,10845.578,10783.558,10809.22,10781.239,10888.536,10834.476,10845.088,10691.046,10790.124,10887.953,10792.752
2022-08-02,10796.666,10757.684,10680.441,10888.593,10929.32,10888.686,10739.743,10539.629,10887.257,11043.736,11005.808,10644.3955,11147.219,10819.599,11054.368,10622.192,10731.38,10976.963,10877.052,10940.422,10913.648,10855.756,10864.891,10852.465,10966.57,10924.622,10917.3955,10762.435,10864.618,10980.409,10862.466
2022-08-03,10835.233,10803.044,10721.223,10920.739,10977.279,10931.419,10761.881,10585.775,10941.815,11097.261,11067.3955,10683.175,11220.22,10860.557,11116.955,10653.607,10782.28,11039.4795,10915.907,10981.808,10960.094,10906.266,10902.559,10899.343,11020.773,10985.214,10970.596,10810.732,10915.05,11046.681,10910.4795
2022-08-04,10838.097,10807.044,10723.667,10922.987,10980.6875,10933.802,10763.559,10589.696,10945.153,11100.702,11069.81,10686.662,11222.869,10864.424,11121.288,10657.972,10786.073,11043.442,10918.756,10985.864,10963.508,10911.147,10905.432,10904.618,11023.764,10989.716,10973.8545,10814.294,10919.305,11051.415,10913.986
2022-08-05,10849.117,10822.08,10734.346,10931.972,10994.23,10944.136,10770.05,10601.985,10959.449,11115.142,11082.19,10699.307,11237.163,10878.063,11138.985,10671.637,10801.651,11059.372,10929.943,11000.39,10977.074,10926.195,10916.719,10921.177,11037.413,11007.962,10987.301,10828.5205,10934.569,11069.764,10927.597
2022-08-06,10864.019,10841.283,10749.927,10944.369,11012.823,10959.261,10778.849,10618.013,10979.892,11135.635,11101.933,10715.99,11260.372,10895.919,11163.697,10687.002,10823.068,11082.057,10945.228,11018.742,10995.594,10943.812,10932.04,10941.24,11057.737,11033.2295,11006.011,10848.166,10954.511,11094.481,10946.163
2022-08-07,10884.538,10865.537,10771.666,10961.452,11038.363,10980.999,10790.866,10641.9375,11007.761,11164.093,11131.272,10738.446,11295.031,10919.708,11197.582,10705.285,10851.917,11113.503,10966.221,11042.594,11020.721,10969.46,10952.734,10968.45,11086.255,11067.232,11030.498,10874.849,10982.101,11126.8545,10971.597
2022-08-08,10918.643,10905.857,10807.426,10989.768,11080.662,11018.292,10810.374,10679.978,11055.391,11211.202,11184.24,10773.184,11357.521,10956.446,11252.979,10735.176,10897.026,11168.027,11000.49,11079.92,11061.846,11014.086,10986.152,11011.009,11133.594,11121.124,11074.276,10917.679,11027.147,11183.809,11013.778
2022-08-09,10928.912,10919.053,10817.788,10998.158,11093.323,11028.96,10816.014,10691.832,11069.733,11225.031,11199.063,10783.79,11374.771,10967.895,11269.45,10745.134,10910.808,11184.125,11010.725,11091.765,11074.25,11028.822,10996.246,11024.537,11147.049,11137.287,11086.677,10930.474,11040.805,11202.154,11026.488
2022-08-10,10918.582,10906.582,10807.476,10989.776,11080.6875,11017.884,10810.479,10679.323,11055.439,11211.213,11183.169,10773.57,11356.258,10956.918,11253.208,10734.9795,10897.859,11167.668,11000.562,11080.566,11062.06,11013.328,10986.411,11010.979,11133.629,11121.825,11074.578,10918.032,11026.988,11183.975,11013.799
2022-08-11,10931.617,10921.681,10820.976,11000.508,11096.756,11031.945,10817.843,10695.029,11073.256,11229.029,11202.856,10787.185,11379.361,10971.455,11274.246,10746.668,10914.885,11188.461,11013.645,11094.979,11077.674,11030.78,10999.135,11028.308,11151.333,11142.337,11090.259,10934.363,11044.547,11205.3955,11029.883
2022-08-12,10940.241,10932.514,10829.646,11007.574,11107.387,11040.967,10822.655,10704.066,11085.029,11240.669,11215.268,10795.962,11393.864,10980.713,11288.056,10755.41,10926.256,11201.501,11022.269,11104.906,11088.078,11042.249,11007.602,11039.417,11162.659,11155.834,11100.622,10945.056,11056.056,11219.959,11040.418
2022-08-13,10947.768,10943.543,10836.744,11013.633,11116.583,11047.695,10826.959,10713.205,11095.015,11250.32,11223.169,10804.768,11402.776,10990.532,11300.068,10765.046,10937.121,11212.381,11029.832,11115.158,11097.358,11053.746,11015.326,11051.329,11171.584,11168.337,11109.84,10954.767,11066.526,11233.848,11049.833
2022-08-14,10953.035,10951.198,10841.899,11018.045,11123.144,11051.562,10830.771,10718.787,11100.615,11257.241,11225.138,10812.747,11404.978,10999.083,11309.186,10773.337,10946.242,11218.537,11035.644,11124.288,11104.381,11058.18,11021.53,11061.362,11178.064,11179.106,11116.961,10962.743,11074.54,11239.999,11056.41
2022-08-15,10999.643,11007.456,10890.803,11056.649,11180.993,11101.765,10857.191,10770.91,11165.733,11321.634,11295.592,10861.173,11487.702,11050.643,11385.45,10814.068,11009.264,11291.896,11082.628,11176.563,11160.976,11118.082,11067.653,11120.547,11242.424,11254.021,11174.072,11021.939,11136.323,11318.519,11114.077
2022-08-16,11017.216,11028.543,10909.298,11071.258,11202.827,11120.383,10867.453,10790.242,11189.724,11345.964,11320.821,10880.142,11517.335,11070.775,11414.48,10830.148,11033.512,11319.086,11100.527,11196.984,11182.492,11138.965,11085.32,11143.645,11266.767,11283.01,11195.833,11044.697,11159.936,11346.738,11135.803
2022-08-17,11044.8125,11062.06,10937.881,11094.005,11236.951,11149.872,10882.99,10821.562,11227.9375,11383.792,11361.795,10908.856,11565.245,11101.443,11459.412,10855.575,11070.543,11361.348,11128.264,11228.205,11215.905,11175.391,11112.544,11179.326,11304.264,11327.095,11229.439,11079.5625,11196.803,11393.327,11169.874
2022-08-18,11043.597,11059.773,10937.653,11093.238,11235.735,11149.734,10882.254,10818.828,11227.44,11383.077,11363.097,10906.815,11567.119,11098.95,11458.161,10850.885,11069.29,11360.184,11127.158,11225.531,11214.634,11171.196,11111.372,11174.957,11304.352,11325.585,11228.43,11078.278,11194.314,11391.311,11168.433
2022-08-19,11036.503,11049.173,10930.886,11087.447,11226.977,11143.466,10878.016,10811.82,11218.259,11373.826,11356.153,10898.529,11559.204,11090.027,11446.625,10841.295,11058.694,11350.321,11119.907,11215.496,11205.705,11161.955,11103.889,11164.3545,11295.737,11313.396,11219.54,11068.91,11184.506,11379.211,11159.66
2022-08-20,11016.204,11022.265,10910.461,11070.758,11201.908,11123.834,10866.007,10787.847,11191.274,11346.652,11331.86,10875.025,11531.141,11064.425,11413.344,10819.783,11029.433,11319.628,11099.207,11189.345,11180.601,11134.696,11083.003,11134.283,11269.406,11279.077,11194.2705,11042.193,11156.495,11345.133,11134.318
2022-08-21,10978.469,10975.329,10871.621,11039.513,11155.147,11085.642,10843.526,10746.451,11141.224,11295.206,11282.705,10832.713,11473.68,11019.37,11351.2295,10780.225,10976.468,11262.217,11060.608,11142.938,11134.149,11089.824,11044.539,11081.6,11218.687,11215.86,11147.446,10992.85,11104.906,11285.525,11087.654
2022-08-22,10899.276,10878.2,10789.419,10974.135,11057.034,11001.455,10798.494,10657.281,11031.304,11186.573,11166.228,10749.717,11337.14,10930.803,11222.15,10706.125,10869.123,11141.112,10980.805,11052.567,11037.936,10985.418,10966.024,10979.007,11110.977,11088.541,11050.604,10892.4,10999.511,11151.629,10989.7
2022-08-23,10860.754,10829.441,10749.903,10942.254,11009.256,10962.838,10774.951,10614.343,10980.059,11134.291,11117.009,10706.134,11279.451,10884.255,11158.947,10663.671,10814.613,11082.919,10941.386,11004.686,10990.447,10936.5625,10926.63,10924.714,11059.616,11023.946,11002.745,10841.976,10946.9795,11089.868,10941.822
2022-08-24,10788.545,10741.454,10674.612,10882.367,10919.589,10886.453,10733.321,10532.98,10880.575,11035.077,11012.164,10629.42,11155.885,10802.788,11041.166,10595.354,10715.657,10971.221,10868.244,10921.6,10902.512,10842.444,10854.605,10830.699,10960.962,10907.08,10914.134,10749.811,10850.828,10970.461,10852.401
2022-08-25,10735.026,10676.878,10618.425,10837.8955,10853.009,10829.36,10702.429,10472.703,10806.633,10961.259,10933.434,10572.681,11062.661,10742.705,10953.821,10546.475,10642.254,10887.614,10813.945,10860.553,10837.347,10774.099,10801.2295,10761.8125,10887.039,10820.5,10845.748,10681.428,10779.84,10882.615,10786.047
2022-08-26,10696.884,10632.08,10577.942,10806.058,10805.488,10787.668,10680.702,10428.218,10753.389,10908.264,10874.551,10533.155,10992.614,10701.072,10891.652,10514.986,10590.596,10827.191,10775.265,10818.554,10791.131,10726.129,10763.525,10714.413,10833.493,10759.536,10795.804,10633.061,10729.699,10819.281,10738.747
2022-08-27,10664.445,10592.436,10545.039,10778.071,10764.837,10753.827,10659.632,10386.921,10709.468,10864.573,10828.574,10498.357,10938.367,10664.444,10839.882,10481.857,10547.444,10776.869,10742.503,10781.094,10752.104,10682.073,10731.538,10670.442,10790.519,10708.482,10753.532,10592.224,10686.05,10764.66,10698.344
2022-08-28,10641.028,10561.369,10521.718,10757.567,10735.7705,10730.875,10643.247,10360.363,10678.19,10833.403,10799.392,10472.23,10904.122,10636.676,10802.267,10452.372,10514.826,10742.144,10718.701,10751.676,10723.383,10646.932,10707.757,10637.448,10760.461,10670.252,10723.72,10562.139,10654.309,10725.176,10668.983
2022-08-29,10613.41,10525.395,10493.402,10733.968,10701.33,10703.661,10626.3,10330.343,10641.174,10796.097,10764.996,10440.429,10863.552,10602.708,10757.1455,10420.741,10474.784,10701.046,10690.408,10716.82,10689.214,10612.93,10679.314,10598.243,10723.991,10623.797,10690.089,10525.818,10617.007,10680.191,10634.61
2022-08-30,10567.938,10470.777,10445.75,10695.174,10644.625,10656.149,10598.921,10279.3955,10579.812,10733.632,10701.46,10390.507,10787.837,10550.207,10683.032,10376.857,10410.753,10632.543,10643.951,10663.389,10633.581,10555.666,10633.426,10537.724,10661.852,10549.312,10635.655,10467.083,10556.24,10609.019,10578.408
2022-08-31,10498.184,10385.7,10376.416,10637.191,10563.011,10584.083,10559.356,10197.652,10487.522,10642.711,10598.808,10323.656,10664.689,10472.935,10577.055,10316.126,10323.344,10527.581,10575.871,10589.794,10554.336,10470.315,10566.307,10456.702,10570.152,10446.106,10546.245,10384.891,10469.687,10492.682,10495.304
2022-09-01,10484.378,10368.317,10363.761,10622.445,10547.153,10570.755,10549.755,10181.464,10470.83,10625.993,10581.356,10309.832,10643.883,10456.767,10557.306,10302.404,10306.65,10508.496,10562.62,10574.625,10539.117,10454.45,10550.582,10439.5,10553.682,10426.45,10529.51,10369.006,10452.984,10471.708,10479.19
2022-09-02,10462.375,10339.742,10343.52,10596.748,10519.906,10548.59,10527.286,10155.139,10443.799,10598.882,10555.837,10285.975,10613.78,10430.13,10524.721,10274.879,10278.043,10478.144,10540.996,10547.238,10512.99,10424.037,10526.425,10409.033,10527.736,10392.718,10502.87,10342.462,10424.871,10437.083,10452.199
2022-09-03,10452.291,10326.571,10333.36,10581.723,10509.464,10536.104,10518.441,10150.602,10430.632,10586.097,10541.517,10278.706,10596.248,10418.492,10509.841,10269.847,10265.316,10464.143,10530.43,10537.253,10502.677,10414.166,10513.978,10399.979,10513.063,10376.88,10489.693,10331.018,10414.251,10421.504,10440.477
2022-09-04,10454.841,10331.094,10331.252,10579.297,10508.961,10537.399,10520.774,10148.598,10429.037,10583.803,10537.612,10277.019,10591.35,10422.921,10507.505,10275.1045,10262.942,10461.979,10530.379,10539.896,10502.138,10419.994,10521.864,10400.524,10511.203,10376.365,10492.753,10329.775,10412.8,10423.844,10440.766
2022-09-05,10429.2705,10302.433,10309.639,10544.99,10486.089,10500.249,10491.86,10123.194,10404.036,10559.1045,10506.52,10260.208,10553.653,10393.407,10479.526,10256.576,10242.162,10432.952,10504.457,10516.248,10480.588,10391.446,10482.629,10377.184,10482.279,10346.923,10458.286,10307.165,10388.288,10390.879,10413.407
2022-09-06,10414.794,10289.678,10298.42,10539.674,10480.78,10490.464,10475.497,10122.334,10406.331,10557.643,10510.228,10261.804,10559.803,10376.269,10486.127,10253.784,10248.83,10436.127,10494.918,10507.481,10477.299,10392.363,10463.935,10376.663,10478.817,10347.825,10450.1875,10305.684,10383.851,10385.148,10409.091
2022-09-07,10496.028,10379.741,10371.095,10626.445,10554.462,10580.068,10550.971,10192.692,10480.698,10635.362,10596.736,10314.496,10662.824,10468.178,10567.246,10304.358,10313.223,10520.709,10570.832,10581.183,10546.322,10460.678,10561.964,10444.708,10563.993,10434.778,10541.26,10375.939,10460.8,10485.665,10488.115
2022-09-08,10455.994,10332.012,10333.618,10587.939,10511.509,10541.465,10527.903,10150.313,10431.651,10586.509,10542.0205,10278.256,10596.888,10423.734,10510.354,10272.927,10265.527,10465.088,10533.294,10540.364,10503.991,10418.128,10522.391,10401.226,10514.507,10379.015,10494.39,10331.827,10414.59,10425.613,10443.103
2022-09-09,10433.278,10305.109,10313.293,10561.008,10489.772,10510.782,10510.501,10127.3545,10407.038,10562.203,10512.421,10261.338,10560.996,10397.719,10482.566,10257.678,10243.51,10436.727,10511.183,10518.244,10483.332,10395.481,10491.74,10378.896,10486.792,10349.809,10464.93,10310.0625,10391.7,10394.227,10418.323
2022-09-10,10436.486,10313.585,10319.387,10568.255,10503.804,10513.316,10507.268,10139.628,10421.3125,10577.393,10523.68,10275.648,10573.931,10402.653,10501.371,10273.015,10261.0625,10452.223,10517.658,10528.556,10494.66,10410.632,10492.548,10395.799,10496.402,10366.784,10474.734,10322.706,10404.237,10408.597,10429.244
2022-09-11,10493.407,10381.973,10374.216,10629.465,10563.91,10573.87,10556.227,10196.115,10486.018,10641.862,10589.9795,10327.6,10653.119,10468.76,10577.679,10326.087,10325.815,10525.049,10572.35,10591.211,10555.611,10475.605,10554.6455,10461.893,10565.174,10446.267,10540.22,10386.586,10471.911,10490.337,10493.432
2022-09-12,10539.181,10440.978,10419.47,10671.351,10617.775,10622.333,10588.142,10245.923,10544.506,10700.429,10647.509,10375.576,10721.455,10523.842,10647.631,10374.048,10386.589,10590.569,10619.106,10646.34,10608.645,10532.595,10604.345,10522.577,10624.729,10518.3,10596.47,10442.263,10530.215,10562.88,10548.859
2022-09-13,10592.918,10507.971,10475.573,10716.746,10685.38,10676.81,10619.006,10307.423,10617.633,10774.372,10720.833,10435.654,10808.532,10586.365,10735.771,10431.979,10462.882,10672.298,10673.939,10711.07,10675.149,10603.221,10657.744,10596.41,10697.059,10606.864,10662.451,10512.289,10603.241,10649.84,10615.913
2022-09-14,10666.698,10598.195,10545.651,10780.796,10767.972,10752.426,10663.059,10386.038,10709.93,10866.056,10821.198,10504.756,10928.696,10671.234,10843.39,10493.389,10552.898,10776.493,10744.91,10789.199,10755.509,10687.084,10734.955,10680.165,10790.113,10714.388,10752.248,10596.432,10690.49,10764.497,10700.962
2022-09-15,10692.343,10626.548,10574.201,10801.674,10799.764,10782.569,10676.7705,10418.155,10747.081,10902.823,10866.44,10529.695,10983.242,10697.528,10885.598,10509.103,10586.947,10819.014,10771.038,10814.551,10786.357,10715.318,10759.876,10708.485,10828.475,10754.795,10786.941,10628.669,10723.517,10808.756,10732.877
2022-09-16,10686.342,10615.054,10569.294,10796.019,10792.126,10779.769,10670.298,10415.005,10740.739,10895.909,10867.576,10519.558,10985.233,10686.485,10875.72,10492.248,10576.299,10812.939,10764.742,10802.347,10778.242,10706.309,10752.606,10694.938,10823.15,10742.48,10782.164,10619.484,10714.327,10799.723,10725.236
2022-09-17,10636.1,10551.624,10517.95,10749.701,10728.158,10729.802,10634.257,10358.123,10674.335,10828.101,10804.195,10461.491,10910.471,10625.576,10793.979,10435.626,10503.882,10739.05,10713.384,10739.105,10715.507,10641.482,10701.236,10623.441,10756.981,10658.853,10723.295,10553.492,10645.919,10720.707,10662.526
2022-09-18,10541.237,10436.302,10419.067,10664.634,10609.58,10629.357,10574.593,10246.493,10543.846,10698.058,10666.323,10360.944,10746.404,10519.233,10640.49,10345.834,10374.463,10592.072,10616.894,10630.739,10600.412,10517.099,10606.692,10500.668,10627.321,10506.682,10600.736,10432.726,10520.219,10563.448,10544.42
2022-09-19,10473.008,10350.143,10348.431,10598.978,10526.444,10557.574,10529.57,10166.446,10450.849,10605.469,10567.165,10289.654,10627.642,10441.023,10531.599,10279.857,10282.243,10487.22,10548.256,10554.3545,10518.821,10432.22,10539.61,10414.158,10534.649,10398.827,10513.465,10347.354,10431.029,10448.746,10459.827
2022-09-20,10425.666,10293.5205,10302.46,10547.01,10472.859,10507.934,10500.789,10114.945,10390.945,10545.373,10501.532,10244.079,10548.668,10388.315,10461.369,10238.2705,10223.165,10419.6875,10502.294,10503.68,10466.365,10377.312,10490.335,10359.259,10474.207,10329.617,10455.163,10292.48,10373.359,10376.892,10404.251
2022-09-21,10369.988,10228.65,10252.452,10485.99,10420.4795,10444.523,10447.384,10062.102,10335.194,10490.125,10440.091,10201.574,10474.627,10323.692,10397.637,10196.039,10170.479,10355.837,10450.56,10447.485,10413.812,10323.79,10423.08,10303.793,10411.146,10261.282,10391.74,10238.363,10315.478,10303.155,10346.019
2022-09-22,10374.721,10233.333,10257.133,10490.713,10424.347,10450.961,10450.775,10067.905,10339.284,10494.69,10445.523,10205.02,10481.229,10328.871,10402.194,10198.318,10174.244,10360.882,10454.654,10451.843,10418.217,10326.414,10429.23,10307.865,10416.32,10266.073,10397.435,10242.163,10320.388,10308.454,10350.641
2022-09-23,10365.183,10219.529,10247.438,10478.438,10410.242,10442.989,10436.671,10052.258,10325.055,10480.204,10433.558,10190.392,10467.307,10316.62,10384.439,10182.928,10157.293,10344.867,10443.918,10436.986,10404.127,10312.298,10421.189,10290.344,10403.717,10248.268,10385.756,10228.202,10305.76,10290.991,10336.899
2022-09-24,10328.571,10174.75,10212.536,10429.487,10360.092,10402.863,10391.379,10009.087,10277.985,10432.548,10389.339,10146.742,10414.89,10275.711,10327.213,10133.031,10106.035,10292.732,10404.358,10392.0,10357.616,10260.556,10382.59,10238.602,10358.89,10190.687,10340.571,10180.763,10257.644,10234.048,10290.109
2022-09-25,10251.945,10086.419,10138.67,10338.911,10267.082,10322.083,10304.15,9933.55,10194.87,10345.901,10306.916,10074.8,10316.004,10191.351,10230.001,10059.125,10019.943,10200.563,10328.46,10309.782,10275.414,10180.022,10301.814,10151.296,10272.078,10088.989,10256.495,10097.514,10170.99,10129.822,10204.832
2022-09-26,10201.401,10027.754,10090.274,10264.301,10193.056,10263.008,10231.445,9875.203,10126.153,10280.42,10238.701,10016.527,10234.083,10134.077,10146.659,10004.731,9946.241,10124.686,10271.245,10251.877,10209.561,10107.987,10247.474,10083.069,10207.412,10007.163,10194.434,10031.487,10106.18,10052.119,10138.957
2022-09-27,10074.582,9895.683,9964.0205,10122.539,10051.941,10124.79,10096.939,9759.179,9991.963,10144.98,10098.799,9917.306,10073.35,9997.078,10004.899,9910.395,9826.726,9986.238,10137.144,10123.692,10077.064,9988.8125,10103.535,9960.914,10074.677,9860.443,10056.676,9903.58,9978.088,9901.63,10006.922
2022-09-28,9992.044,9803.721,9872.041,10027.931,9959.3955,10027.363,10007.222,9677.431,9903.947,10041.5205,9997.108,9851.311,9968.189,9900.673,9913.742,9839.852,9749.991,9886.628,10041.268,10031.742,9985.918,9910.993,9999.437,9875.08,9975.342,9763.77,9960.828,9808.39,9891.078,9799.644,9915.453
2022-09-29,9972.043,9783.001,9851.659,10005.699,9936.43,10006.789,9984.1455,9658.025,9881.809,10020.439,9976.433,9832.889,9944.476,9879.437,9891.132,9820.313,9729.743,9864.27,10021.522,10009.8125,9964.375,9890.78,9978.395,9854.219,9954.693,9740.528,9940.004,9786.003,9871.508,9776.27,9894.228
2022-09-30,9940.634,9751.942,9821.668,9971.911,9901.926,9975.781,9949.706,9625.882,9847.357,9988.809,9945.404,9803.2,9909.583,9845.634,9855.779,9786.98,9698.341,9829.975,9988.981,9975.006,9930.468,9857.9795,9945.718,9821.399,9924.168,9704.36,9908.663,9751.756,9840.391,9739.728,9861.306
2022-10-01,9907.495,9716.379,9787.094,9933.507,9863.537,9941.204,9910.19,9593.199,9811.218,9955.288,9907.673,9770.184,9869.862,9809.938,9818.657,9757.209,9664.877,9793.232,9954.588,9936.738,9894.26,9826.217,9908.665,9787.059,9891.089,9666.635,9870.687,9714.097,9809.026,9702.245,9825.735
2022-10-02,9867.262,9684.338,9748.831,9893.564,9828.327,9899.557,9874.041,9562.015,9772.676,9916.095,9869.841,9745.1455,9828.218,9772.8955,9783.529,9723.248,9636.863,9753.496,9913.963,9900.477,9857.816,9792.628,9867.584,9753.232,9852.261,9629.499,9835.036,9675.688,9776.099,9663.583,9789.261
2022-10-03,9861.565,9675.026,9740.612,9885.125,9823.965,9893.326,9867.008,9556.477,9766.181,9914.287,9856.548,9744.105,9819.436,9765.878,9777.735,9728.807,9632.753,9748.624,9904.891,9896.045,9850.924,9791.156,9859.607,9751.429,9847.149,9625.328,9822.512,9669.721,9773.432,9658.271,9783.599
2022-10-04,9836.328,9653.553,9712.979,9862.643,9807.133,9867.159,9847.017,9542.595,9746.897,9880.696,9828.842,9733.7705,9794.38,9743.312,9762.852,9711.619,9620.9375,9719.418,9882.361,9879.963,9827.761,9775.318,9829.924,9730.624,9810.41,9606.139,9799.852,9648.268,9744.448,9635.531,9761.425
2022-10-05,9920.467,9739.155,9795.037,9952.1,9896.511,9952.902,9937.745,9624.435,9833.427,9970.611,9916.179,9811.182,9887.366,9831.054,9852.626,9796.618,9701.682,9814.084,9966.357,9967.667,9918.771,9858.313,9917.814,9821.015,9902.778,9699.693,9886.871,9738.522,9834.432,9733.521,9849.299
2022-10-06,9980.91,9804.055,9852.448,10021.168,9967.393,10014.651,10005.458,9685.325,9899.971,10035.875,9979.952,9869.205,9960.3125,9893.51,9926.411,9865.188,9767.926,9884.443,10027.049,10031.779,9986.761,9924.5625,9979.436,9888.747,9967.655,9775.323,9950.569,9806.103,9897.685,9809.054,9915.298
2022-10-07,10047.827,9874.155,9919.561,10103.225,10048.831,10085.235,10085.842,9750.789,9977.3,10110.2,10056.46,9929.539,10049.056,9966.688,10010.211,9919.976,9840.907,9965.755,10097.077,10101.625,10061.693,9995.318,10052.17,9960.304,10041.389,9860.484,10025.971,9882.018,9968.113,9893.325,9989.367
2022-10-08,10121.1455,9943.475,9993.915,10186.611,10126.946,10166.689,10168.789,9816.215,10055.472,10180.055,10135.911,9979.674,10141.38,10042.855,10087.083,9968.844,9904.455,10041.601,10178.339,10175.143,10137.404,10060.203,10133.909,10025.545,10112.111,9936.735,10099.072,9955.1455,10032.578,9968.015,10062.51
2022-10-09,10202.039,10026.293,10088.29,10266.218,10198.216,10260.061,10236.695,9877.69,10129.903,10280.24,10238.724,10022.688,10233.699,10130.894,10152.893,10010.576,9953.661,10128.238,10271.55,10252.681,10215.669,10116.04,10243.269,10088.816,10206.677,10011.941,10192.297,10035.996,10107.102,10054.331,10141.112
2022-10-10,10120.203,9937.733,10006.87,10170.832,10101.997,10171.175,10148.074,9801.482,10041.956,10186.659,10141.879,9954.883,10126.561,10040.555,10055.654,9947.148,9871.068,10032.911,10183.146,10170.014,10126.287,10032.126,10148.983,10005.982,10116.712,9910.895,10098.267,9950.031,10019.87,9950.819,10052.359
2022-10-11,10061.044,9880.771,9948.962,10107.53,10038.391,10107.711,10084.325,9747.384,9978.218,10127.075,10080.342,9909.952,10055.291,9980.957,9991.633,9902.463,9816.6875,9970.045,10119.88,10109.295,10062.413,9978.443,10084.275,9948.881,10058.285,9846.062,10040.262,9889.566,9964.647,9886.02,9992.561
2022-10-12,10002.608,9815.636,9882.19,10040.161,9974.147,10037.862,10020.989,9690.495,9917.067,10052.691,10007.189,9865.192,9981.017,9913.04,9928.616,9854.517,9764.194,9899.322,10051.845,10045.351,9998.698,9924.683,10009.469,9889.201,9986.017,9778.731,9972.072,9821.925,9903.378,9814.336,9928.088
2022-10-13,9994.905,9806.981,9874.8125,10031.637,9963.814,10030.126,10011.376,9681.688,9908.296,10044.3125,9999.735,9855.497,9972.133,9904.439,9918.506,9844.311,9754.424,9890.143,10044.312,10036.267,9989.932,9915.358,10001.953,9879.11,9978.066,9768.387,9963.853,9812.513,9894.693,9803.951,9919.184
2022-10-14,9991.588,9803.866,9870.442,10026.583,9959.581,10026.284,10006.472,9678.988,9902.66,10040.445,9994.904,9853.819,9966.03,9900.762,9914.165,9841.624,9751.098,9886.062,10041.086,10032.171,9985.347,9911.77,9998.279,9876.888,9973.758,9764.045,9959.257,9808.443,9891.77,9800.072,9915.274
2022-10-15,9993.875,9809.023,9871.411,10028.99,9967.451,10028.408,10011.317,9684.3955,9905.303,10045.813,9996.247,9864.279,9968.585,9903.676,9921.172,9852.189,9759.909,9891.79,10041.553,10036.562,9988.713,9919.087,9998.16,9886.665,9978.143,9771.643,9963.029,9812.833,9898.152,9808.099,9920.217
2022-10-16,10004.614,9822.64,9879.662,10044.636,9988.183,10037.966,10028.749,9703.483,9923.364,10059.296,10005.025,9883.118,9985.564,9917.465,9944.353,9876.259,9782.091,9907.899,10050.234,10052.997,10006.821,9941.678,10006.037,9906.311,9991.052,9794.582,9974.123,9829.11,9915.614,9829.638,9936.42
2022-10-17,10054.753,9874.851,9927.295,10102.837,10047.523,10087.7705,10086.438,9755.544,9979.251,10106.386,10056.234,9928.417,10046.732,9971.194,10006.008,9922.569,9836.744,9961.98,10103.214,10108.917,10063.943,9993.926,10057.47,9959.046,10037.686,9855.581,10025.397,9884.403,9965.113,9888.434,9989.855
2022-10-18,10151.998,9973.35,10026.929,10209.092,10150.83,10190.209,10192.387,9842.328,10080.255,10213.837,10162.322,10004.269,10161.711,10069.764,10110.055,10001.725,9925.397,10072.113,10204.388,10206.175,10165.24,10085.246,10163.583,10055.8,10142.604,9964.044,10126.358,9986.208,10059.874,10000.2705,10089.947
2022-10-19,10209.468,10039.054,10084.445,10279.972,10222.4795,10256.862,10262.373,9902.016,10146.403,10285.011,10232.009,10056.264,10239.592,10134.507,10184.11,10056.91,9989.273,10145.787,10268.287,10270.42,10234.649,10148.561,10230.876,10123.002,10212.026,10040.425,10192.934,10054.925,10125.501,10077.965,10156.868
2022-10-20,10258.857,10098.237,10135.283,10344.726,10286.705,10314.825,10322.487,9954.0,10205.414,10349.499,10295.8545,10102.588,10311.313,10192.693,10251.576,10103.878,10047.418,10212.651,10324.917,10327.915,10291.568,10205.282,10289.345,10181.588,10275.072,10109.887,10252.951,10114.383,10184.551,10148.237,10216.457
2022-10-21,10303.187,10152.158,10181.777,10402.88,10342.781,10366.689,10376.867,9999.791,10259.417,10407.855,10355.546,10144.716,10377.983,10246.366,10313.0,10143.71,10099.927,10273.387,10376.043,10379.638,10343.405,10254.652,10341.956,10234.326,10330.515,10173.089,10308.332,10166.673,10238.547,10212.268,10270.25
2022-10-22,10339.186,10193.678,10219.848,10449.938,10385.466,10410.554,10417.654,10035.069,10302.333,10453.248,10405.195,10176.867,10432.632,10288.822,10361.043,10173.349,10140.147,10319.863,10418.395,10417.042,10383.38,10294.431,10387.589,10273.436,10375.232,10222.526,10354.533,10206.747,10281.3545,10262.606,10312.739
2022-10-23,10371.127,10229.132,10252.869,10485.405,10420.478,10445.201,10448.461,10063.654,10333.715,10489.012,10438.765,10201.167,10472.979,10325.128,10395.696,10196.83,10168.827,10354.604,10450.826,10448.122,10413.949,10322.916,10424.429,10303.551,10410.533,10259.84,10391.917,10237.578,10315.446,10302.658,10345.827
2022-10-24,10372.542,10232.235,10254.31,10488.839,10424.848,10446.535,10452.815,10067.501,10337.875,10492.906,10441.422,10205.577,10475.918,10327.287,10401.242,10202.893,10173.942,10359.033,10453.043,10451.924,10417.858,10328.973,10425.82,10309.193,10413.246,10265.055,10394.662,10241.857,10319.424,10307.374,10349.538
2022-10-25,10390.833,10255.25,10272.25,10510.291,10446.078,10463.705,10469.433,10086.43,10359.348,10514.785,10461.887,10224.1045,10500.241,10349.18,10426.866,10222.287,10196.27,10383.038,10470.656,10473.306,10438.439,10350.835,10444.233,10332.358,10435.218,10291.811,10415.656,10263.345,10342.157,10334.738,10370.835
2022-10-26,10410.555,10282.409,10292.542,10535.356,10473.176,10484.881,10486.549,10112.153,10389.458,10544.309,10489.998,10250.148,10533.507,10373.023,10463.756,10249.248,10228.959,10416.364,10492.183,10499.975,10465.294,10381.297,10465.061,10364.619,10463.121,10328.449,10441.919,10292.046,10371.703,10370.116,10398.404
2022-10-27,10465.108,10349.325,10346.909,10597.115,10536.225,10542.374,10530.464,10169.025,10455.258,10611.322,10556.395,10304.326,10612.738,10436.634,10541.98,10303.663,10296.114,10490.202,10545.586,10562.012,10526.956,10446.307,10523.019,10432.229,10531.063,10408.9375,10508.195,10356.29,10440.233,10451.608,10462.587
2022-10-28,10522.734,10420.115,10404.276,10655.396,10600.861,10602.923,10572.783,10228.954,10525.894,10682.032,10628.386,10360.978,10698.68,10503.591,10625.838,10359.124,10368.22,10569.333,10602.334,10627.405,10592.137,10514.246,10584.003,10502.944,10604.195,10495.087,10576.406,10424.901,10511.839,10538.357,10530.133
2022-10-29,10579.895,10490.742,10461.465,10707.975,10667.544,10666.036,10612.102,10291.258,10599.061,10755.384,10704.738,10418.708,10789.846,10570.678,10712.568,10413.272,10442.29,10651.652,10660.439,10692.992,10657.324,10582.266,10646.471,10574.83,10679.765,10583.746,10646.643,10493.537,10583.17,10627.34,10598.79
2022-10-30,10638.203,10560.46,10516.208,10757.173,10732.515,10723.1875,10646.085,10353.779,10671.05,10827.212,10782.38,10473.603,10882.663,10636.67,10797.0205,10462.513,10513.143,10733.1,10715.827,10755.01,10720.55,10649.59,10706.129,10642.067,10751.73,10667.652,10715.988,10559.708,10652.3955,10716.36,10665.333
2022-10-31,10673.544,10605.111,10553.304,10786.602,10776.487,10761.541,10667.209,10397.632,10720.371,10875.919,10836.488,10510.055,10947.279,10676.783,10854.116,10496.559,10560.316,10789.22,10751.686,10794.063,10763.219,10695.422,10740.941,10686.377,10800.696,10723.533,10763.383,10604.185,10699.176,10778.959,10709.673
2022-11-01,10682.7705,10616.14,10562.985,10794.278,10787.968,10771.399,10672.59,10408.577,10733.06,10888.628,10850.09,10519.827,10963.449,10687.095,10869.105,10505.172,10572.938,10803.553,10761.072,10804.538,10774.422,10707.262,10750.125,10698.253,10813.417,10738.374,10775.152,10615.933,10711.446,10794.069,10721.123
2022-11-02,10694.256,10630.406,10574.624,10803.743,10802.154,10783.249,10679.741,10422.773,10748.592,10904.088,10865.995,10532.15,10982.196,10700.235,10887.499,10517.181,10588.393,10821.249,10772.697,10818.037,10788.31,10722.911,10761.532,10713.936,10828.588,10756.645,10790.04,10630.421,10726.979,10813.412,10735.4
2022-11-03,10699.623,10637.247,10580.316,10808.236,10808.888,10788.841,10682.409,10428.264,10756.068,10911.547,10873.515,10537.968,10991.14,10706.362,10896.389,10522.65,10596.102,10829.41,10778.211,10824.449,10794.976,10730.261,10767.025,10720.674,10836.058,10765.643,10796.9,10637.443,10734.02,10822.29,10742.097
2022-11-04,10698.911,10635.267,10580.406,10807.491,10808.188,10789.104,10681.169,10427.26,10755.888,10911.288,10875.1455,10536.685,10993.362,10704.841,10895.702,10518.223,10595.181,10829.213,10777.574,10822.386,10794.149,10726.492,10766.247,10717.818,10836.496,10764.654,10796.391,10636.68,10732.555,10820.943,10741.19
2022-11-05,10707.029,10644.975,10587.999,10814.342,10817.97,10797.064,10687.126,10438.773,10765.923,10921.652,10885.17,10545.663,11004.969,10714.502,10908.144,10527.569,10605.615,10841.175,10785.646,10832.214,10803.667,10738.254,10774.098,10730.752,10846.183,10776.9,10805.812,10646.544,10744.125,10833.709,10751.118
2022-11-06,10723.998,10668.057,10604.499,10828.219,10838.854,10813.677,10697.003,10459.202,10788.783,10943.9795,10906.593,10563.899,11029.936,10734.06,10935.06,10549.57,10628.506,10866.767,10802.782,10853.355,10824.335,10765.587,10791.09,10754.422,10867.535,10803.891,10828.959,10667.835,10766.987,10863.987,10772.381
2022-11-07,10731.845,10680.784,10611.935,10834.588,10848.576,10819.332,10701.944,10464.831,10798.349,10953.986,10910.552,10575.268,11034.1455,10746.599,10948.254,10564.706,10641.409,10876.798,10811.004,10866.512,10834.661,10773.745,10800.048,10768.9375,10876.507,10819.104,10836.797,10679.1875,10778.382,10876.333,10782.171
2022-11-08,10767.366,10723.754,10649.178,10864.107,10892.804,10855.842,10722.931,10502.351,10845.623,11002.862,10958.05,10615.143,11090.344,10788.824,11006.779,10597.231,10692.752,10929.296,10847.386,10909.495,10878.411,10817.75,10836.319,10817.514,10924.956,10878.673,10877.028,10725.743,10826.207,10929.281,10825.799
2022-11-09,10849.752,10822.908,10735.016,10932.492,10995.021,10944.592,10770.469,10602.94,10960.129,11115.991,11082.417,10700.386,11237.405,10879.27,11140.117,10673.102,10802.822,11060.117,10930.655,11001.489,10977.921,10926.718,10917.48,10922.55,11038.208,11009.337,10987.513,10829.534,10935.563,11070.49,10928.413
2022-11-10,10874.465,10854.185,10760.462,10952.956,11025.694,10969.93,10784.922,10630.441,10993.749,11149.682,11115.951,10727.351,11276.784,10908.022,11180.518,10697.753,10837.412,11097.802,10955.787,11031.241,11008.252,10958.247,10942.464,10955.822,11071.442,11050.04,11018.821,10861.433,10968.765,11111.37,10959.06
2022-11-11,10923.261,10916.66,10809.236,10992.981,11085.749,11018.355,10813.475,10687.019,11058.331,11214.864,11177.783,10781.903,11348.712,10966.833,11259.367,10750.927,10904.988,11171.332,11005.233,11091.763,11067.819,11024.339,10991.695,11024.6,11134.588,11129.912,11079.172,10924.089,11035.799,11191.913,11019.423
2022-11-12,10997.165,11010.742,10884.698,11054.013,11177.222,11093.298,10856.701,10770.113,11157.859,11315.212,11275.513,10863.204,11462.8545,11053.818,11380.26,10825.962,11008.343,11283.2295,11080.391,11182.009,11158.602,11119.168,11066.537,11126.075,11233.027,11251.95,11170.883,11019.631,11135.981,11313.572,11110.936
2022-11-13,11095.64,11133.197,10987.211,11135.555,11299.377,11196.116,10913.598,10880.525,11293.349,11450.582,11414.356,10969.911,11625.103,11167.76,11542.472,10916.838,11145.354,11436.012,11180.3125,11298.083,11279.327,11243.962,11165.604,11257.067,11367.472,11414.271,11292.787,11146.857,11268.211,11478.03,11233.165
2022-11-14,11186.828,11243.004,11083.228,11211.153,11412.576,11292.79,10966.715,10981.1,11418.113,11577.039,11545.386,11067.235,11778.279,11272.475,11693.773,11000.051,11271.638,11577.667,11273.116,11404.223,11391.14,11352.814,11257.323,11377.139,11494.062,11565.427,11405.965,11265.233,11391.031,11625.445,11346.065
2022-11-15,11307.406,11386.827,11210.339,11310.816,11561.978,11424.937,11034.093,11116.109,11587.831,11744.577,11732.821,11189.573,11996.648,11403.836,11892.568,11103.348,11433.1455,11765.179,11394.138,11537.024,11537.389,11507.937,11375.958,11527.931,11661.994,11759.295,11553.773,11418.212,11551.102,11830.215,11495.234
2022-11-16,11338.472,11424.833,11242.651,11336.429,11600.362,11458.025,11051.705,11151.171,11630.823,11787.397,11778.312,11222.022,12049.31,11438.928,11943.892,11131.847,11475.212,11813.244,11425.413,11572.73,11575.278,11548.036,11406.839,11568.303,11704.56,11810.002,11592.001,11458.0,11592.917,11882.633,11533.711
2022-11-17,11352.76,11441.83,11258.202,11348.36,11618.214,11473.89,11059.844,11166.422,11651.291,11807.731,11800.898,11236.572,12075.647,11454.554,11968.087,11142.316,11495.036,11835.863,11439.915,11588.524,11592.903,11564.53,11421.15,11586.178,11725.287,11833.849,11609.983,11476.607,11611.657,11906.563,11551.488
2022-11-18,11361.118,11450.737,11267.419,11355.314,11628.6,11483.681,11064.488,11175.797,11663.348,11819.695,11815.499,11244.517,12092.695,11463.358,11982.11,11149.175,11505.86,11849.549,11448.302,11596.888,11602.976,11574.692,11429.237,11595.829,11737.636,11847.226,11620.259,11487.221,11622.63,11920.38,11561.875
2022-11-19,11370.0,11461.571,11276.042,11362.45,11639.364,11492.861,11069.421,11186.383,11674.995,11831.416,11827.795,11254.25,12106.775,11473.225,11996.177,11159.191,11516.964,11862.754,11457.082,11607.183,11613.52,11587.476,11437.8,11607.498,11748.871,11860.857,11630.67,11498.085,11634.969,11935.152,11572.693
2022-11-20,11377.102,11472.231,11282.771,11368.256,11648.056,11499.536,11073.299,11194.809,11684.794,11840.648,11836.135,11261.741,12116.161,11481.7295,12007.583,11166.143,11526.819,11872.832,11464.124,11616.482,11622.273,11598.994,11444.9795,11617.778,11757.46,11872.444,11639.354,11507.068,11644.621,11948.966,11581.507
2022-11-21,11372.141,11467.702,11277.428,11364.24,11642.013,11492.481,11071.3,11188.986,11676.692,11833.6,11823.522,11258.45,12101.411,11478.98,11999.975,11164.0205,11522.96,11865.092,11459.639,11613.802,11616.881,11590.485,11441.0625,11614.448,11750.205,11866.741,11634.034,11502.083,11638.782,11938.939,11575.603
2022-11-22,11402.855,11503.707,11310.181,11389.661,11680.113,11526.113,11088.857,11222.812,11719.523,11876.6875,11870.638,11290.353,12156.118,11513.101,12051.381,11190.433,11564.769,11913.535,11490.707,11648.1045,11654.428,11627.185,11471.604,11653.38,11793.717,11917.329,11672.133,11541.735,11679.88,11989.289,11613.678
2022-11-23,11432.633,11538.875,11341.551,11414.215,11716.899,11559.299,11105.171,11256.514,11761.89,11918.132,11918.56,11319.762,12211.579,11544.8,12100.528,11215.573,11603.365,11960.092,11520.353,11680.034,11690.381,11666.734,11500.546,11689.713,11835.294,11964.628,11708.421,11579.127,11719.316,12040.857,11650.494
2022-11-24,11427.784,11533.549,11336.221,11410.18,11710.865,11553.663,11102.476,11251.169,11754.877,11911.19,11910.209,11315.088,12201.857,11539.71,12092.358,11211.819,11597.001,11952.229,11515.484,11675.089,11684.502,11660.918,11495.824,11684.038,11828.151,11956.8,11702.427,11572.945,11712.965,12032.7705,11644.473
2022-11-25,11432.537,11540.536,11340.531,11414.01,11716.612,11557.59,11105.373,11257.088,11760.602,11917.167,11914.019,11320.914,12206.016,11546.391,12099.982,11218.708,11604.078,11959.072,11520.332,11682.13,11690.399,11668.049,11500.819,11691.845,11833.573,11964.998,11708.256,11579.246,11719.988,12040.725,11650.387
2022-11-26,11447.23,11559.56,11355.56,11426.114,11734.765,11572.313,11114.024,11273.483,11780.308,11937.235,11932.801,11337.316,12227.557,11564.1455,12124.497,11233.083,11625.221,11981.517,11535.315,11700.566,11708.632,11686.215,11515.875,11712.489,11853.279,11990.029,11726.653,11598.613,11740.202,12064.973,11668.653
2022-11-27,11469.719,11586.955,11379.437,11444.77,11762.676,11596.54,11126.8545,11298.447,11811.885,11968.698,11966.3545,11360.468,12266.317,11589.685,12162.301,11252.391,11656.43,12016.902,11558.068,11726.332,11736.306,11714.017,11538.424,11741.602,11884.912,12027.555,11754.759,11627.87,11770.303,12102.959,11696.666
2022-11-28,11483.292,11602.047,11394.374,11456.071,11779.596,11611.992,11134.619,11313.042,11831.177,11988.171,11988.669,11374.255,12292.277,11604.362,12185.39,11262.949,11674.927,12038.871,11571.838,11740.795,11752.931,11729.047,11551.881,11758.109,11904.95,12050.071,11771.752,11645.513,11788.249,12124.798,11713.536
2022-11-29,11492.855,11611.708,11405.12,11464.019,11791.492,11624.217,11139.461,11323.538,11845.912,12002.107,12008.49,11382.286,12315.398,11612.679,12201.324,11268.318,11685.996,12054.497,11581.166,11748.747,11764.215,11741.449,11560.646,11767.42,11919.509,12064.289,11783.235,11657.003,11800.174,12141.253,11725.282
2022-11-30,11470.896,11584.177,11382.344,11445.901,11764.348,11601.51,11126.7,11298.917,11815.998,11971.8545,11978.453,11358.561,12280.892,11586.758,12164.605,11247.39,11655.004,12020.452,11558.868,11722.251,11737.117,11714.15,11538.396,11737.607,11889.515,12027.281,11755.83,11628.25,11770.198,12104.768,11697.967
2022-12-01,11443.033,11550.543,11352.833,11422.836,11729.808,11571.366,11110.847,11268.003,11776.989,11932.915,11936.543,11329.747,12232.476,11555.448,12117.904,11223.379,11616.743,11976.7,11530.726,11690.586,11702.938,11679.749,11510.587,11701.792,11850.394,11981.137,11721.17,11592.197,11732.879,12058.62,11663.364
2022-12-02,11427.258,11532.81,11335.474,11409.684,11710.135,11553.167,11102.039,11250.926,11754.11,11910.286,11909.724,11314.345,12201.251,11538.862,12091.203,11211.893,11595.682,11951.277,11514.837,11674.218,11683.689,11661.249,11495.104,11683.1,11827.122,11955.392,11701.5205,11571.953,11712.297,12032.205,11643.76
2022-12-03,11427.218,11534.717,11334.707,11409.591,11710.001,11551.463,11102.392,11251.175,11752.994,11909.581,11905.024,11315.728,12195.546,11540.708,12091.034,11214.333,11597.07,11950.435,11514.982,11676.637,11683.957,11661.678,11495.627,11685.538,11825.78,11956.384,11701.687,11572.442,11712.965,12031.963,11643.779
2022-12-04,11443.308,11555.081,11351.55,11422.932,11729.967,11567.911,11111.919,11268.957,11774.865,11931.874,11926.396,11333.346,12220.157,11560.165,12118.187,11229.459,11620.488,11975.504,11531.461,11696.491,11703.997,11680.789,11512.169,11707.826,11847.973,11984.105,11722.032,11593.861,11734.941,12058.311,11663.867
2022-12-05,11469.729,11586.293,11379.748,11444.816,11762.744,11596.849,11126.96,11298.165,11811.92,11968.977,11967.014,11360.537,12267.179,11589.588,12162.542,11252.008,11656.568,12017.281,11558.157,11726.028,11736.345,11712.793,11538.457,11741.323,11885.444,12027.764,11754.88,11628.028,11770.266,12102.187,11696.6875
2022-12-06,11488.747,11608.0,11400.215,11460.553,11786.321,11618.583,11137.4,11319.271,11839.286,11995.855,11998.965,11379.107,12304.216,11609.425,12194.287,11266.902,11681.265,12047.495,11577.141,11745.803,11759.35,11736.754,11556.916,11763.904,11912.761,12058.144,11778.214,11652.029,11795.252,12134.637,11720.226
2022-12-07,11481.182,11597.542,11392.939,11454.4,11777.079,11611.83,11132.767,11310.372,11829.888,11985.961,11991.639,11369.945,12296.003,11599.27,12181.865,11257.298,11669.958,12036.255,11569.372,11735.179,11749.923,11726.8,11548.9795,11752.081,11903.414,12044.958,11768.788,11641.897,11784.316,12122.135,11710.801
2022-12-08,11453.704,11562.646,11364.822,11431.81,11743.207,11583.634,11116.946,11279.1875,11792.569,11948.449,11954.458,11340.29,12253.371,11566.956,12136.316,11230.476,11631.682,11994.105,11541.601,11701.923,11716.154,11691.214,11521.279,11714.685,11866.5205,11999.183,11734.765,11606.25,11746.733,12076.2295,11676.705
2022-12-09,11422.019,11522.962,11331.825,11405.628,11703.991,11550.578,11098.667,11243.836,11748.981,11904.694,11910.172,11306.562,12202.381,11529.974,12083.368,11201.198,11587.221,11944.959,11509.482,11664.149,11677.094,11651.474,11489.27,11672.16,11823.053,11946.042,11695.238,11564.907,11703.776,12023.056,11637.291
2022-12-10,11392.558,11488.013,11300.17,11381.1455,11667.342,11518.376,11081.754,11211.533,11707.573,11863.142,11865.144,11276.1,12150.137,11496.923,12033.666,11176.75,11546.376,11898.284,11479.584,11630.953,11640.844,11616.755,11459.751,11634.562,11780.963,11896.857,11658.349,11526.511,11664.5,11974.395,11600.633
2022-12-11,11365.6,11457.306,11271.262,11358.842,11633.939,11487.879,11066.784,11181.477,11669.212,11825.18,11820.816,11249.424,12098.617,11468.28,11988.809,11154.51,11511.1455,11855.497,11452.584,11602.511,11608.233,11583.022,11433.486,11602.083,11742.451,11853.681,11625.3,11492.395,11628.881,11929.095,11567.277
2022-12-12,11360.24,11451.584,11265.626,11354.477,11627.376,11481.243,11064.176,11175.306,11661.194,11817.704,11810.174,11244.732,12086.229,11463.77,11980.297,11150.797,11505.458,11847.211,11447.463,11597.945,11602.059,11574.991,11428.71,11596.764,11734.911,11846.251,11619.153,11486.284,11622.082,11919.245,11560.781
2022-12-13,11373.519,11466.75,11279.962,11365.488,11643.885,11495.994,11071.805,11189.74,11679.761,11836.489,11831.039,11258.533,12110.532,11478.371,12002.622,11161.861,11523.535,11868.337,11460.931,11612.524,11618.295,11590.188,11441.905,11613.353,11754.027,11868.161,11635.665,11503.47,11639.784,11940.613,11577.238
2022-12-14,11396.184,11494.546,11303.013,11384.028,11671.6875,11520.11,11084.357,11216.171,11710.987,11867.277,11864.407,11281.83,12148.933,11503.619,12039.498,11184.104,11553.061,11903.066,11483.486,11638.25,11645.61,11621.865,11464.057,11642.5,11784.277,11904.117,11663.03,11531.878,11670.4795,11979.743,11605.205
2022-12-15,11400.731,11501.962,11307.183,11387.742,11677.272,11523.655,11087.192,11221.231,11716.609,11873.085,11867.495,11287.768,12152.288,11509.996,12046.996,11189.276,11560.444,11909.294,11488.207,11645.453,11651.472,11627.903,11469.051,11650.351,11789.532,11912.429,11668.861,11538.123,11677.025,11987.551,11610.872
2022-12-16,11392.445,11489.873,11300.8125,11381.417,11667.626,11517.093,11082.528,11209.689,11707.52,11863.6875,11861.306,11277.346,12145.775,11499.109,12035.067,11174.1455,11550.387,11898.461,11480.183,11633.519,11641.873,11612.067,11461.011,11636.322,11781.883,11900.25,11659.818,11528.356,11664.282,11973.348,11600.906
2022-12-17,11368.864,11455.458,11278.648,11362.225,11638.765,11496.35,11068.686,11183.006,11677.092,11833.292,11838.391,11249.589,12120.143,11468.477,11996.891,11145.392,11515.669,11864.923,11456.3,11600.255,11612.479,11577.585,11436.395,11599.247,11753.763,11859.97,11630.568,11497.372,11630.991,11931.586,11571.613
2022-12-18,11331.789,11405.392,11240.534,11331.46,11592.702,11461.22,11045.85,11141.808,11628.354,11782.762,11797.013,11206.681,12072.694,11419.827,11934.179,11105.837,11458.454,11807.966,11417.827,11550.256,11565.615,11534.105,11397.047,11543.781,11704.2,11793.58,11582.9375,11446.539,11579.26,11871.8545,11525.051
2022-12-19,11232.475,11286.333,11135.362,11249.247,11469.471,11354.474,10988.506,11031.635,11491.067,11644.229,11650.159,11101.716,11901.981,11307.137,11768.37,11017.913,11321.507,11652.392,11317.031,11436.482,11443.834,11415.082,11297.566,11415.341,11565.029,11629.036,11459.519,11317.732,11445.842,11709.674,11401.871
2022-12-20,11123.282,11157.626,11019.891,11158.926,11334.222,11233.604,10927.702,10909.186,11336.668,11492.057,11477.183,10991.53,11700.099,11189.674,11588.448,10926.7,11177.734,11482.217,11207.541,11318.019,11311.579,11274.984,11190.666,11280.964,11412.107,11454.674,11325.989,11179.945,11301.634,11524.526,11266.98
2022-12-21,11107.959,11139.452,11003.935,11146.314,11315.308,11216.69,10919.304,10891.695,11315.057,11470.945,11452.896,10976.24,11671.744,11173.36,11563.564,10913.395,11157.705,11458.6,11192.273,11301.5205,11293.186,11254.133,11175.819,11261.953,11391.077,11430.743,11307.504,11160.911,11281.366,11498.105,11248.091
2022-12-22,11120.971,11155.878,11016.779,11156.904,11331.216,11229.685,10926.789,10907.305,11332.159,11488.208,11469.612,10990.593,11691.004,11188.926,11584.47,10927.842,11175.261,11478.176,11205.353,11317.439,11308.922,11272.412,11188.776,11280.161,11407.703,11451.672,11323.188,11177.417,11299.433,11519.718,11264.133
2022-12-23,11130.095,11167.503,11026.538,11164.526,11342.655,11239.433,10932.043,10916.558,11345.119,11501.054,11483.045,11000.132,11706.762,11198.965,11599.815,10935.85,11188.333,11492.069,11214.666,11328.098,11320.29,11282.694,11198.063,11291.922,11420.622,11467.04,11334.738,11189.346,11311.331,11535.101,11275.48
2022-12-24,11136.357,11174.76,11033.433,11169.792,11350.474,11246.361,10935.637,10923.911,11354.133,11509.942,11492.901,11006.728,11718.307,11206.345,11610.399,10939.767,11197.182,11502.363,11221.044,11334.997,11327.982,11290.655,11204.345,11299.952,11429.749,11477.558,11342.633,11197.589,11319.615,11545.773,11283.355
2022-12-25,11139.626,11177.473,11037.094,11172.462,11354.546,11250.181,10937.731,10926.872,11358.174,11514.704,11498.21,11010.365,11724.666,11209.698,11615.921,10942.939,11201.262,11507.665,11224.459,11338.378,11331.922,11292.333,11207.579,11303.905,11434.756,11482.936,11346.638,11201.853,11324.133,11549.128,11287.254
2022-12-26,11157.533,11199.034,11055.741,11187.233,11376.637,11270.542,10947.032,10947.618,11384.436,11539.4,11528.701,11027.117,11760.2,11227.674,11644.774,10957.165,11223.889,11535.134,11242.016,11356.607,11353.231,11319.0205,11224.557,11324.688,11459.338,11509.987,11368.011,11223.528,11347.274,11582.288,11309.347
2022-12-27,11127.939,11164.458,11024.366,11162.749,11339.971,11237.231,10930.842,10914.407,11342.074,11498.105,11480.094,10997.976,11703.331,11196.717,11596.272,10933.419,11185.2705,11489.042,11212.491,11325.459,11317.601,11280.051,11195.882,11289.184,11417.768,11463.512,11332.055,11186.614,11308.537,11531.257,11272.823
2022-12-28,11139.35,11178.387,11036.261,11172.173,11354.1045,11249.375,10937.343,10927.202,11357.854,11513.831,11496.779,11010.021,11722.789,11209.593,11615.047,10943.882,11200.862,11506.624,11224.015,11338.568,11331.517,11294.611,11207.245,11304.014,11433.412,11482.084,11346.093,11201.22,11323.824,11550.356,11286.949
2022-12-29,11144.21,11183.935,11041.683,11176.261,11360.212,11254.968,10940.097,10932.268,11364.949,11520.849,11504.995,11014.897,11732.483,11214.703,11623.28,10947.101,11207.571,11514.399,11228.957,11343.665,11337.489,11299.969,11212.075,11309.68,11440.668,11490.109,11352.212,11207.516,11330.072,11558.427,11292.99
2022-12-30,11151.61,11193.037,11049.012,11182.272,11369.243,11262.491,10944.315,10941.294,11374.701,11530.684,11514.867,11022.95,11743.862,11223.439,11635.138,10955.1045,11217.372,11525.629,11236.366,11352.491,11346.378,11310.49,11219.368,11319.824,11450.178,11501.863,11361.067,11216.827,11340.346,11570.698,11302.098
2022-12-31,11153.796,11195.735,11051.576,11184.147,11372.061,11265.147,10945.5205,10942.94,11378.162,11533.999,11518.9795,11024.877,11748.768,11225.326,11638.971,10956.34,11220.546,11528.979,11238.605,11354.676,11349.152,11312.259,11221.578,11322.067,11453.677,11505.562,11363.933,11219.679,11342.906,11574.506,11304.814
2023-01-01,11152.918,11194.504,11050.773,11183.464,11370.973,11264.347,10944.965,10942.5,11377.174,11532.84,11518.121,11023.807,11747.755,11224.528,11637.57,10954.547,11219.372,11527.967,11237.698,11353.445,11348.051,11311.84,11220.661,11320.92,11452.613,11504.124,11362.868,11218.572,11341.698,11573.479,11303.803
2023-01-02,11150.671,11191.523,11048.24,11181.519,11368.14,11261.555,10943.961,10939.608,11373.237,11529.594,11513.45,11022.123,11742.306,11222.391,11633.827,10954.1875,11216.277,11524.318,11235.538,11351.477,11345.335,11307.633,11218.555,11318.673,11449.269,11500.71,11360.073,11215.852,11339.104,11568.111,11300.909
2023-01-03,11168.435,11213.887,11066.377,11196.136,11390.021,11280.6455,10953.569,10960.249,11398.417,11553.756,11540.461,11039.967,11773.626,11241.669,11662.547,10970.462,11239.753,11551.242,11253.15,11371.282,11366.738,11333.548,11235.85,11341.072,11472.991,11528.515,11381.517,11237.891,11362.626,11600.191,11322.887
2023-01-04,11162.095,11208.398,11058.812,11190.789,11382.06,11271.365,10950.751,10953.502,11387.647,11544.128,11523.874,11035.961,11753.924,11237.737,11652.144,10969.758,11233.044,11540.63,11247.129,11367.829,11359.52,11324.896,11230.477,11336.806,11462.572,11520.103,11374.127,11230.835,11355.442,11587.9795,11315.144
2023-01-05,11211.072,11270.728,11108.302,11230.975,11442.355,11320.95,10979.061,11008.9795,11453.345,11610.264,11588.468,11089.433,11828.545,11295.719,11732.189,11020.471,11300.837,11614.838,11296.656,11427.578,11419.425,11389.728,11279.755,11404.051,11527.099,11600.602,11434.217,11293.856,11422.545,11669.697,11375.725
2023-01-06,11269.417,11344.632,11168.644,11279.183,11514.608,11381.129,11012.858,11074.709,11533.124,11690.358,11668.273,11152.319,11921.017,11363.957,11828.912,11074.528,11382.956,11704.255,11355.903,11497.882,11491.324,11463.045,11338.81,11483.091,11606.282,11697.973,11506.791,11369.742,11501.49,11767.221,11448.148
2023-01-07,11342.919,11435.515,11245.118,11339.892,11605.537,11457.91,11055.371,11156.881,11633.691,11791.614,11771.207,11230.837,12040.156,11449.825,11950.991,11144.437,11485.391,11818.219,11430.444,11585.001,11581.59,11555.431,11412.836,11581.388,11706.888,11820.313,11598.026,11465.255,11601.205,11889.265,11539.439
2023-01-08,11431.202,11542.675,11337.564,11412.747,11714.768,11552.1045,11105.899,11255.35,11755.497,11913.963,11900.25,11323.808,12189.496,11549.868,12097.816,11224.245,11606.284,11955.509,11519.662,11686.815,11689.633,11664.897,11501.013,11696.469,11829.037,11965.911,11707.261,11579.175,11720.271,12035.793,11648.833
2023-01-09,11518.375,11648.989,11428.861,11484.677,11822.519,11646.262,11154.76,11353.764,11877.757,12034.826,12031.72,11412.867,12341.088,11647.072,12242.68,11301.012,11723.794,12091.406,11607.139,11785.358,11795.969,11778.306,11587.335,11807.961,11949.704,12108.239,11814.756,11690.737,11837.096,12185.38,11757.016
2023-01-10,11553.898,11693.206,11465.801,11513.964,11866.428,11682.867,11175.639,11393.263,11925.746,12083.9,12079.653,11451.798,12396.088,11689.462,12302.364,11335.179,11774.467,12146.7705,11643.354,11828.597,11839.923,11820.853,11623.505,11856.591,11998.465,12168.686,11859.256,11737.576,11885.875,12243.203,11801.214
2023-01-11,11614.35,11766.228,11529.5625,11563.874,11941.193,11748.586,11209.631,11461.306,12010.665,12168.221,12171.685,11513.647,12501.927,11756.728,12403.561,11387.669,11856.446,12241.696,11704.104,11896.66,11913.838,11897.882,11683.454,11933.616,12083.025,12268.107,11934.126,11815.323,11966.937,12343.827,11876.263
2023-01-12,11652.852,11812.803,11569.411,11595.507,11988.601,11789.155,11231.556,11504.438,12063.488,12221.227,12226.613,11554.197,12564.716,11801.171,12467.718,11423.588,11909.229,12301.726,11742.867,11941.772,11960.96,11946.821,11721.883,11984.532,12135.594,12331.855,11981.681,11865.044,12019.505,12407.302,11923.927
2023-01-13,11695.398,11865.424,11613.142,11630.471,12040.967,11833.405,11255.844,11552.359,12121.641,12279.611,12285.742,11599.653,12632.124,11850.58,12538.649,11463.401,11968.105,12367.496,11785.742,11992.551,12013.207,12001.111,11764.562,12041.641,12193.228,12402.716,12034.356,11920.135,12077.725,12477.916,11976.631
2023-01-14,11740.383,11921.344,11659.842,11667.518,12096.476,11880.303,11281.603,11603.33,12183.114,12341.76,12348.522,11647.274,12703.636,11903.295,12614.286,11505.362,12031.329,12437.652,11831.196,12046.386,12068.742,12057.699,11809.955,12102.14,12254.884,12478.594,12090.553,11978.917,12139.092,12553.182,12032.611
2023-01-15,11785.739,11977.287,11707.558,11704.95,12152.546,11928.206,11307.881,11654.03,12245.695,12405.062,12412.979,11695.719,12777.169,11956.355,12691.207,11547.207,12095.531,12509.33,11877.236,12100.121,12124.841,12112.902,11855.837,12162.666,12318.2705,12555.767,12147.519,12038.65,12201.029,12628.689,12089.267
2023-01-16,11848.87,12050.179,11774.456,11757.018,12230.494,11997.373,11343.241,11725.032,12332.834,12493.51,12510.367,11759.936,12888.309,12026.394,12797.723,11601.793,12181.138,12609.406,11940.561,12170.709,12202.099,12189.664,11918.314,12242.592,12407.221,12660.096,12225.873,12120.04,12285.999,12732.131,12167.446
2023-01-17,11882.213,12088.505,11809.715,11784.495,12271.618,12033.948,11361.805,11762.65,12378.778,12540.173,12562.021,11793.689,12947.123,12063.24,12853.95,11630.513,12226.14,12662.23,11973.929,12207.878,12242.864,12230.459,11951.222,12284.672,12454.092,12715.033,12267.1875,12162.901,12330.864,12786.802,12208.691
2023-01-18,11897.393,12106.893,11825.435,11796.959,12290.279,12049.986,11370.397,11779.754,12399.411,12561.135,12583.787,11809.61,12971.78,12080.738,12879.444,11644.428,12247.032,12686.019,11989.179,12225.682,12261.49,12249.42,11966.373,12304.731,12474.899,12740.349,12286.004,12182.564,12351.648,12812.023,12227.495
2023-01-19,11910.572,12123.157,11839.183,11807.816,12306.532,12063.871,11377.917,11794.667,12417.489,12579.446,12602.535,11823.543,12993.026,12096.019,12901.752,11656.553,12265.533,12706.699,12002.479,12241.306,12277.773,12265.838,11979.646,12322.294,12493.131,12762.6455,12302.502,12199.806,12369.638,12834.077,12243.914
2023-01-20,11911.048,12121.845,11841.136,11808.459,12307.469,12066.139,11378.072,11795.015,12419.684,12581.444,12607.968,11822.728,12999.576,12095.046,12903.642,11654.033,12266.428,12708.746,12003.053,12239.799,12278.58,12264.799,11980.071,12320.766,12496.199,12763.868,12303.711,12200.749,12369.152,12834.437,12244.789
2023-01-21,11904.255,12111.066,11834.568,11802.846,12299.058,12060.354,11373.938,11787.145,12410.627,12572.417,12602.048,11814.421,12993.055,12085.895,12892.134,11646.789,12255.391,12699.021,11996.02,12229.586,12269.79,12255.021,11972.644,12309.65,12487.709,12751.275,12294.845,12191.334,12359.566,12821.934,12236.1455
2023-01-22,11890.471,12092.573,11819.773,11791.417,12281.891,12046.221,11365.625,11771.407,12391.133,12552.905,12583.876,11799.583,12972.455,12068.385,12868.075,11633.3545,12234.277,12676.6045,11981.78,12212.251,12252.34,12238.227,11958.179,12290.215,12467.994,12726.318,12276.911,12172.307,12340.541,12798.08,12218.506
2023-01-23,11861.339,12059.552,11788.297,11767.306,12245.831,12013.574,11349.048,11739.4,12350.263,12511.429,12537.447,11769.363,12919.388,12036.464,12818.293,11608.803,12194.515,12629.58,11952.376,12180.396,12216.603,12204.726,11929.308,12254.001,12425.724,12677.707,12240.512,12134.41,12301.346,12750.899,12182.262
2023-01-24,11831.568,12029.317,11756.325,11742.765,12209.153,11978.92,11333.413,11705.534,12309.079,12469.429,12485.119,11741.868,12859.603,12006.556,12768.51,11586.152,12157.152,12582.145,11923.13,12150.581,12180.808,12168.306,11900.995,12219.899,12383.167,12631.082,12204.3,12097.5205,12262.467,12703.413,12145.942
2023-01-25,11865.011,12067.687,11791.787,11770.349,12250.437,12015.697,11352.029,11743.303,12355.269,12516.313,12537.189,11775.64,12918.948,12043.425,12824.958,11614.824,12202.336,12635.171,11956.612,12187.761,12221.719,12209.163,11934.017,12261.997,12430.323,12686.218,12245.789,12140.538,12307.365,12758.236,12187.336
2023-01-26,11875.869,12080.229,11803.401,11779.317,12263.864,12027.657,11358.144,11755.508,12370.394,12531.637,12554.068,11786.676,12938.188,12055.521,12843.429,11624.155,12217.232,12652.545,11967.535,12199.882,12235.062,12222.228,11944.806,12275.722,12445.815,12704.348,12259.361,12154.6455,12321.958,12776.086,12200.843
2023-01-27,11885.063,12090.938,11812.962,11786.86,12275.153,12037.574,11363.291,11765.787,12382.878,12544.359,12567.821,11796.181,12953.799,12065.858,12858.814,11632.33,12229.567,12667.021,11976.7295,12210.319,12246.258,12233.539,11953.867,12287.539,12458.488,12719.425,12270.661,12166.42,12334.503,12791.145,12212.171
2023-01-28,11892.352,12099.936,11820.379,11792.834,12284.092,12045.142,11367.377,11774.099,12392.663,12554.311,12577.98,11803.87,12965.275,12074.239,12870.949,11639.123,12239.545,12678.222,11984.021,12219.009,12255.191,12242.92,11961.133,12297.292,12468.256,12731.491,12279.646,12175.787,12344.486,12803.314,12221.164
2023-01-29,11896.445,12105.657,11824.582,11796.211,12289.157,12049.11,11369.829,11778.798,12398.275,12559.941,12582.812,11808.434,12970.702,12079.512,12877.959,11643.356,12245.805,12684.597,11988.2295,12224.4375,12260.372,12248.247,11965.441,12303.323,12473.79,12738.837,12284.914,12181.374,12350.203,12810.496,12226.361
2023-01-30,11904.39,12115.321,11833.077,11802.781,12298.996,12057.658,11374.453,11787.611,12409.391,12571.176,12594.461,11816.891,12983.963,12088.744,12891.6,11650.523,12257.133,12697.362,11996.313,12233.699,12270.229,12257.64,11973.488,12313.776,12485.158,12752.494,12294.968,12191.921,12361.031,12823.698,12236.331
2023-01-31,11916.348,12128.436,11845.907,11812.651,12313.762,12071.17,11381.02,11801.081,12426.022,12588.078,12614.092,11828.678,13006.338,12101.512,12911.847,11660.308,12272.972,12716.514,12008.234,12246.461,12284.794,12271.992,11985.163,12328.292,12502.287,12771.989,12309.758,12207.185,12376.95,12843.085,12251.097
2023-02-01,11916.895,12128.623,11846.536,11813.103,12314.43,12071.991,11381.2295,11801.719,12426.787,12588.881,12615.61,11828.975,13008.085,12101.799,12912.725,11660.463,12273.394,12717.424,12008.726,12246.702,12285.392,12272.621,11985.584,12328.608,12503.134,12772.624,12310.356,12207.742,12377.581,12843.823,12251.72
2023-02-02,11915.368,12127.305,11844.608,11811.791,12312.473,12069.924,11380.405,11799.985,12424.356,12586.455,12612.188,11827.708,13004.112,12100.456,12909.919,11659.656,12271.309,12714.717,12007.18,12245.467,12283.484,12271.128,11984.097,12327.167,12500.466,12770.036,12308.341,12205.718,12375.764,12841.429,12249.768
2023-02-03,11933.328,12152.157,11861.488,11826.275,12334.167,12086.471,11390.875,11820.184,12447.074,12609.736,12631.271,11848.407,13025.182,12123.552,12939.063,11679.321,12296.547,12741.371,12025.243,12269.652,12305.48,12295.632,12002.345,12354.104,12522.282,12800.168,12330.136,12228.953,12401.805,12872.211,12271.817
2023-02-04,11968.556,12199.009,11897.36,11855.251,12377.529,12121.694,11411.372,11860.403,12494.797,12658.013,12676.075,11887.258,13075.5625,12166.409,12998.621,11714.16,12347.75,12795.977,12061.014,12314.317,12349.422,12341.063,12038.504,12403.879,12569.633,12861.098,12374.532,12275.659,12450.676,12932.528,12315.9375
2023-02-05,12018.916,12261.489,11950.64,11896.831,12439.795,12174.97,11440.436,11917.302,12564.788,12728.708,12747.891,11940.584,13156.791,12225.895,13084.985,11760.507,12420.016,12876.131,12112.108,12374.264,12412.057,12402.996,12089.659,12471.272,12640.615,12947.984,12438.331,12342.539,12519.507,13017.513,12379.186
2023-02-06,12079.157,12331.16,12015.331,11946.6,12514.247,12241.651,11474.562,11984.272,12649.09,12814.174,12841.884,12002.259,13263.416,12293.05,13188.294,11812.197,12503.13,12973.286,12172.8,12441.439,12486.21,12474.12,12149.612,12547.387,12727.345,13049.434,12513.891,12421.262,12600.937,13116.565,12454.293
2023-02-07,12133.048,12388.255,12073.354,11991.017,12580.659,12303.44,11503.496,12041.946,12724.189,12890.571,12933.761,12053.762,13367.484,12349.098,13279.807,11854.679,12573.144,13060.059,12226.094,12497.2705,12551.618,12539.183,12201.638,12611.047,12804.909,13136.415,12580.318,12489.478,12672.292,13203.804,12520.527
2023-02-08,12106.45,12355.894,12045.493,11969.133,12547.916,12275.136,11488.398,12012.259,12687.586,12853.448,12895.159,12025.919,13324.05,12318.372,13234.474,11830.519,12535.936,13017.842,12199.318,12466.094,12518.772,12506.287,12174.951,12575.958,12767.808,13091.304,12546.995,12454.645,12635.877,13159.241,12487.373
2023-02-09,12084.967,12330.999,12022.289,11951.346,12521.315,12251.301,11476.323,11988.427,12657.31,12822.832,12861.27,12004.19,13285.69,12294.522,13197.419,11812.308,12506.0625,12983.131,12177.695,12442.168,12492.208,12480.54,12153.519,12548.909,12736.695,13054.927,12519.874,12426.491,12607.069,13123.626,12460.515
2023-02-10,12078.095,12325.461,12013.886,11945.545,12512.6455,12242.071,11472.707,11981.259,12646.729,12812.184,12845.95,11998.533,13268.077,12288.47,13185.0625,11808.572,12497.287,12970.983,12170.859,12436.748,12483.826,12473.709,12147.031,12542.491,12725.124,13043.7705,12511.108,12417.663,12598.648,13113.064,12451.918
2023-02-11,12076.767,12325.364,12012.985,11944.621,12511.268,12240.404,11472.276,11980.562,12645.701,12810.849,12843.043,11997.525,13264.854,12287.684,13183.646,11807.7295,12497.337,12969.167,12169.836,12436.15,12482.754,12471.998,12146.332,12541.605,12724.067,13043.183,12510.276,12416.854,12596.6045,13111.729,12450.773
2023-02-12,12084.433,12333.338,12021.822,11951.0,12520.834,12249.558,11476.745,11989.001,12657.015,12822.258,12856.521,12005.097,13280.235,12296.279,13197.306,11813.703,12508.122,12982.561,12177.665,12443.962,12492.234,12479.905,12153.969,12550.647,12736.14,13056.47,12520.12,12427.179,12606.877,13124.095,12460.503
2023-02-13,12098.8955,12347.467,12037.379,11962.89,12538.569,12266.708,11484.374,12004.028,12677.021,12842.775,12882.743,12018.943,13310.031,12310.229,13221.585,11824.381,12525.763,13005.77,12191.843,12457.914,12509.491,12496.5625,12167.535,12566.719,12757.046,13078.85,12537.541,12444.96,12625.952,13146.595,12478.019
2023-02-14,12092.608,12338.943,12030.294,11957.613,12530.665,12259.96,11480.221,11996.458,12667.715,12833.448,12874.391,12011.13,13300.493,12302.179,13210.127,11818.229,12515.563,12995.066,12185.12,12450.002,12501.3955,12490.477,12160.74,12557.803,12747.286,13066.788,12529.111,12435.84,12617.063,13136.028,12469.76
2023-02-15,12056.903,12300.756,11992.147,11928.226,12486.75,12219.41,11461.015,11958.22,12618.251,12783.09,12814.4795,11976.774,13232.657,12264.739,13149.728,11789.641,12469.194,12937.841,12149.807,12412.6045,12458.092,12447.031,12126.277,12515.208,12696.3545,13009.277,12485.233,12390.747,12569.603,13078.185,12425.94
2023-02-16,12077.551,12325.919,12013.395,11945.135,12512.054,12241.073,11472.714,11981.107,12646.188,12811.526,12843.657,11998.526,13265.465,12288.823,13184.486,11808.811,12497.651,12970.328,12170.526,12437.024,12483.42,12472.895,12146.882,12542.714,12724.516,13043.856,12510.801,12417.538,12598.1455,13112.655,12451.512
2023-02-17,12100.433,12354.459,12036.987,11963.931,12540.164,12264.931,11485.724,12006.727,12677.313,12843.135,12875.577,12022.911,13301.346,12315.487,13223.1875,11830.163,12529.689,13006.094,12193.553,12464.46,12511.668,12501.733,12169.894,12573.489,12755.809,13082.577,12539.353,12447.414,12629.65,13151.14,12479.966
2023-02-18,12121.599,12380.394,12059.419,11981.406,12566.321,12287.513,11497.767,12030.537,12706.781,12872.905,12906.48,12044.825,13336.161,12340.098,13259.5625,11849.273,12559.828,13039.913,12214.928,12489.342,12537.975,12527.997,12191.29,12601.451,12785.714,13118.942,12566.152,12475.399,12658.432,13186.909,12506.512
2023-02-19,12139.688,12401.817,12078.898,11996.357,12588.693,12307.366,11508.187,12050.762,12732.223,12898.664,12934.014,12063.729,13367.285,12360.804,13290.857,11865.158,12585.363,13069.355,12233.263,12509.944,12560.383,12549.158,12209.481,12624.763,12811.903,13149.985,12589.039,12499.368,12683.087,13216.91,12529.218
2023-02-20,12164.956,12429.17,12105.964,12017.167,12619.795,12336.029,11521.891,12077.972,12767.35,12934.405,12976.113,12088.398,13414.862,12387.483,13333.823,11885.547,12618.525,13109.981,12258.319,12536.624,12591.117,12579.603,12233.994,12655.125,12848.111,13191.076,12620.233,12531.507,12716.799,13257.96,12560.33
2023-02-21,12161.118,12424.061,12101.897,12013.992,12615.042,12332.071,11519.545,12073.501,12761.971,12928.976,12971.13,12083.978,13409.259,12382.692,13327.121,11881.767,12612.711,13103.777,12254.348,12531.785,12586.278,12575.144,12229.983,12649.703,12842.638,13184.147,12615.283,12526.2295,12711.401,13251.426,12555.432
2023-02-22,12145.185,12405.302,12085.412,12000.946,12595.53,12315.012,11510.698,12056.038,12740.357,12906.952,12947.49,12067.632,13382.715,12364.674,13300.297,11867.52,12591.217,13078.6455,12238.468,12513.52,12566.817,12555.17,12214.269,12629.086,12820.761,13157.826,12595.6455,12505.776,12689.568,13224.994,12535.784
2023-02-23,12136.883,12394.331,12076.971,11994.129,12585.332,12306.672,11505.903,12046.567,12729.13,12895.574,12936.814,12058.518,13370.783,12354.637,13286.231,11859.363,12579.226,13065.823,12230.068,12503.055,12556.48,12544.449,12205.78,12617.424,12809.601,13143.482,12585.2,12494.792,12678.019,13210.757,12525.4
2023-02-24,12129.011,12384.808,12068.293,11987.569,12575.51,12298.003,11501.371,12037.6045,12717.781,12884.1875,12924.684,12050.527,13357.06,12345.547,13272.365,11852.559,12567.675,13052.896,12222.047,12494.007,12546.577,12535.058,12197.731,12607.239,12797.926,13129.598,12574.998,12484.157,12667.49,13197.403,12515.391
2023-02-25,12108.619,12359.461,12047.779,11970.978,12550.667,12277.124,11489.7,12015.026,12690.731,12856.527,12897.456,12028.42,13326.617,12321.141,13238.369,11832.803,12539.713,13021.028,12201.594,12469.269,12521.6875,12509.402,12177.388,12579.373,12770.835,13095.556,12550.0,12457.765,12638.741,13163.361,12490.235
2023-02-26,12079.633,12324.139,12017.752,11947.128,12515.013,12246.53,11473.45,11982.732,12651.154,12816.363,12855.698,11997.999,13279.628,12288.199,13189.345,11806.451,12499.535,12975.888,12172.535,12435.128,12485.938,12472.697,12148.393,12541.079,12731.002,13046.894,12513.859,12420.159,12599.243,13114.752,12454.277
2023-02-27,12065.0,12304.978,12002.12,11935.011,12496.833,12231.331,11464.911,11965.857,12630.549,12795.695,12835.605,11982.842,13257.015,12270.15,13163.87,11792.621,12477.601,12952.25,12157.59,12417.092,12467.483,12454.245,12133.222,12520.894,12710.206,13020.8,12494.934,12400.255,12579.244,13089.347,12435.65
2023-02-28,12049.529,12287.002,11984.895,11922.122,12477.555,12213.765,11455.743,11948.441,12608.177,12773.104,12810.962,11966.183,13228.906,12252.71,13136.627,11779.515,12455.38,12926.472,12141.718,12399.972,12448.21,12437.7,12117.546,12501.418,12686.768,12993.789,12475.088,12379.401,12558.285,13064.127,12416.038
2023-03-01,12014.292,12250.898,11947.049,11893.119,12434.224,12172.984,11437.109,11911.217,12559.321,12723.29,12749.471,11933.176,13159.097,12216.913,13077.253,11752.432,12410.755,12869.907,12107.056,12364.398,12405.739,12395.019,12083.95,12460.7295,12636.23,12938.033,12432.084,12335.443,12511.885,13007.6875,12373.024
2023-03-02,12040.666,12281.213,11975.445,11914.926,12466.853,12202.259,11451.913,11940.326,12596.311,12760.739,12791.087,11959.806,13206.319,12246.161,13122.488,11774.808,12447.095,12912.436,12133.572,12393.643,12438.227,12426.606,12110.167,12493.846,12674.237,12982.355,12465.204,12369.841,12547.295,13051.199,12405.902
2023-03-03,12056.725,12298.551,11992.754,11928.165,12486.65,12220.536,11460.741,11957.6455,12618.723,12783.539,12817.828,11975.625,13236.676,12263.279,13149.832,11787.808,12468.297,12938.447,12149.572,12410.573,12457.765,12445.54,12125.796,12513.161,12697.437,13008.588,12485.068,12390.379,12568.766,13077.154,12425.721
2023-03-04,12072.309,12317.824,12007.861,11940.757,12505.48,12236.159,11469.385,11974.604,12638.727,12804.127,12838.189,11992.326,13259.353,12281.594,13175.144,11803.066,12488.779,12962.012,12164.989,12429.537,12476.554,12466.219,12141.071,12534.474,12717.141,13033.655,12503.715,12409.94,12590.769,13103.069,12444.628
2023-03-05,12085.969,12338.264,12020.908,11951.9,12522.159,12248.376,11477.494,11990.692,12656.484,12822.122,12851.621,12008.393,13274.092,12299.581,13197.894,11818.388,12509.438,12982.296,12178.912,12448.903,12493.753,12485.352,12155.443,12555.778,12734.087,13057.83,12520.919,12428.239,12610.376,13127.401,12461.77
2023-03-06,12115.565,12377.674,12051.564,11976.273,12558.664,12278.206,11494.977,12024.851,12697.163,12863.185,12889.405,12041.097,13316.411,12336.525,13248.735,11847.721,12553.455,13029.035,12209.151,12486.524,12530.898,12522.712,12186.096,12597.777,12774.811,13110.209,12558.692,12468.195,12651.682,13178.506,12499.193
2023-03-07,12173.459,12447.143,12112.886,12023.994,12630.046,12340.7295,11527.99,12089.428,12777.509,12944.667,12975.442,12101.5625,13413.41,12402.854,13347.974,11899.418,12634.493,13121.745,12267.553,12553.385,12602.417,12592.574,12244.151,12673.198,12856.846,13208.697,12631.436,12544.266,12730.8,13274.944,12571.501
2023-03-08,12234.828,12515.743,12178.705,12074.603,12705.719,12409.528,11561.662,12156.37,12863.19,13031.622,13075.083,12162.083,13525.778,12469.237,13453.027,11950.147,12717.077,13220.607,12328.702,12619.896,12677.601,12666.955,12304.392,12748.628,12944.927,13310.351,12707.931,12623.332,12812.984,13375.915,12647.553
2023-03-09,12243.094,12524.682,12187.508,12081.379,12715.849,12418.834,11566.216,12165.261,12874.601,13043.264,13088.535,12170.219,13540.905,12478.314,13467.094,11957.031,12727.951,13234.113,12336.916,12628.73,12687.624,12676.773,12312.414,12758.724,12956.716,13323.874,12718.1,12633.907,12824.231,13389.349,12657.74
2023-03-10,12246.98,12528.937,12191.4795,12084.556,12720.579,12423.162,11568.271,12169.375,12879.797,13048.611,13094.839,12174.229,13547.996,12482.191,13473.514,11960.224,12732.77,13240.048,12340.718,12632.86,12692.281,12681.131,12316.104,12763.397,12962.004,13329.912,12722.746,12638.665,12829.465,13395.542,12662.413
2023-03-11,12235.477,12513.858,12180.302,12075.25,12706.659,12411.892,11561.565,12156.522,12864.93,13033.318,13081.048,12161.031,13532.729,12467.95,13454.534,11948.324,12716.877,13222.411,12329.152,12618.185,12678.255,12666.014,12304.547,12746.944,12947.29,13310.608,12708.759,12623.756,12812.821,13376.216,12648.24
2023-03-12,12200.789,12470.272,12145.33,12046.918,12664.28,12376.476,11542.09,12117.841,12818.612,12986.143,13034.292,12124.194,13480.623,12427.126,13396.427,11915.1875,12668.847,13168.878,12294.482,12575.898,12635.615,12621.657,12269.82,12699.613,12901.19,13252.414,12665.872,12578.868,12764.624,13317.414,12605.394
2023-03-13,12165.618,12421.91,12110.049,12018.128,12621.13,12342.495,11521.282,12076.867,12771.452,12938.406,12993.286,12084.526,13435.106,12382.186,13336.796,11878.301,12616.558,13114.488,12258.65,12529.396,12591.586,12575.194,12233.283,12647.895,12854.731,13190.306,12621.363,12531.559,12714.706,13256.071,12561.111
2023-03-14,12084.132,12319.876,12025.3,11951.14,12520.848,12257.361,11474.418,11984.705,12659.731,12825.18,12879.978,11997.312,13307.866,12285.818,13197.887,11801.321,12500.817,12985.611,12176.302,12431.296,12490.626,12473.745,12150.817,12537.719,12742.039,13050.633,12518.951,12424.01,12602.158,13118.567,12459.207
2023-03-15,11987.653,12206.93,11922.087,11871.396,12401.587,12151.458,11420.166,11878.405,12524.855,12688.648,12730.664,11899.021,13138.835,12178.011,13032.501,11718.952,12367.089,12830.918,12079.253,12322.666,12371.527,12357.628,12054.614,12415.025,12604.039,12888.016,12397.702,12298.039,12472.314,12958.62,12338.954
2023-03-16,11905.516,12109.569,11836.57,11804.044,12300.732,12063.523,11373.876,11786.932,12412.992,12574.837,12609.561,11813.976,13001.846,12084.066,12894.32,11643.088,12255.374,12700.837,11996.927,12228.287,12271.13,12255.377,11973.201,12308.273,12490.583,12751.808,12296.213,12192.006,12359.81,12823.048,12237.278
2023-03-17,11846.007,12039.91,11773.808,11754.881,12227.233,11998.875,11340.513,11722.147,12330.824,12491.501,12519.178,11752.307,12898.993,12018.42,12793.693,11593.1045,12173.928,12607.524,11937.18,12160.727,12197.97,12183.497,11914.028,12232.127,12407.065,12652.93,12222.093,12115.139,12279.8125,12725.047,12163.683
2023-03-18,11804.917,11989.615,11731.174,11721.179,12176.666,11955.65,11317.492,11674.318,12274.959,12434.91,12460.2705,11710.791,12832.284,11970.228,12724.754,11554.341,12117.159,12542.806,11896.011,12112.423,12147.515,12130.145,11872.974,12177.684,12350.98,12584.327,12171.029,12061.849,12223.823,12656.011,12112.61
2023-03-19,11790.993,11968.354,11716.554,11709.576,12159.285,11942.507,11308.07,11659.8125,12255.336,12415.259,12446.126,11691.808,12816.087,11951.444,12700.233,11539.22,12094.159,12520.789,11881.055,12092.823,12129.556,12115.734,11857.646,12155.866,12331.223,12557.656,12152.612,12041.738,12203.589,12632.162,12094.575
2023-03-20,11705.972,11874.863,11626.04,11639.441,12054.369,11847.23,11261.78,11563.715,12137.902,12295.948,12307.821,11609.31,12657.942,11860.492,12557.546,11469.707,11982.221,12386.002,11796.499,12001.583,12026.184,12011.063,11774.813,12052.245,12211.016,12420.348,12047.934,11934.01,12090.926,12494.101,11989.968
2023-03-21,11735.577,11907.857,11656.805,11663.746,12090.755,11879.735,11277.648,11597.831,12177.967,12336.749,12354.546,11637.968,12711.231,11892.277,12606.451,11494.8545,12020.528,12431.957,11825.721,12033.936,12061.976,12049.065,11803.51,12088.88,12251.493,12467.382,12083.953,11971.023,12130.339,12542.377,12026.138
2023-03-22,11727.873,11905.37,11646.693,11657.149,12080.945,11867.294,11274.436,11588.849,12165.764,12324.31,12331.099,11634.053,12683.776,11888.643,12592.99,11493.757,12013.226,12418.2,11818.503,12031.212,12053.109,12041.731,11797.168,12085.187,12237.5,12457.061,12074.659,11962.361,12122.258,12531.921,12016.903
2023-03-23,11782.303,11973.482,11702.973,11701.96,12148.048,11923.84,11305.65,11650.404,12239.885,12399.394,12406.412,11692.248,12769.442,11952.329,12684.463,11544.803,12089.712,12502.92,11873.506,12096.661,12120.31,12110.122,11852.11,12158.665,12311.851,12548.881,12142.586,12033.446,12196.705,12622.949,12084.602
2023-03-24,11841.56,12045.96,11765.3125,11750.844,12221.273,11986.666,11339.606,11717.257,12321.616,12482.069,12491.683,11754.604,12866.507,12021.26,12784.945,11598.931,12173.149,12596.431,11933.441,12166.41,12193.548,12183.237,11911.855,12237.205,12394.578,12649.344,12216.95,12111.212,12277.331,12721.89,12158.555
2023-03-25,11890.479,12101.48,11818.805,11791.4795,12282.074,12041.804,11367.331,11771.776,12391.0205,12552.22,12570.753,11804.006,12957.041,12074.765,12869.102,11639.072,12240.801,12675.723,11982.877,12219.712,12253.879,12240.007,11960.576,12297.717,12466.413,12731.713,12278.652,12175.256,12342.4375,12801.785,12219.694
2023-03-26,11929.262,12140.44,11861.044,11823.472,12329.926,12087.569,11387.986,11815.084,12445.222,12607.489,12640.098,11840.028,13036.27,12113.931,12934.561,11668.61,12289.736,12738.717,12021.138,12257.934,12300.529,12285.628,11997.52,12341.668,12522.95,12793.021,12326.045,12223.771,12393.3125,12863.257,12267.207
2023-03-27,11905.861,12110.611,11836.08,11804.104,12300.883,12062.962,11374.313,11788.395,12412.422,12574.491,12607.218,11815.371,12998.9795,12085.768,12894.1875,11646.868,12255.439,12701.132,11997.258,12229.708,12271.247,12256.938,11973.496,12309.958,12489.706,12752.047,12296.108,12192.305,12361.371,12823.478,12237.623
2023-03-28,11875.074,12075.797,11802.594,11778.59,12262.719,12028.311,11356.78,11754.493,12368.975,12530.462,12557.757,11783.686,12942.448,12051.984,12841.339,11621.106,12213.157,12651.16,11966.147,12196.152,12233.395,12221.638,11942.921,12271.804,12444.686,12700.4,12257.472,12152.093,12320.067,12773.49,12199.223
2023-03-29,11844.33,12044.979,11769.396,11753.232,12224.828,11992.2295,11340.595,11720.049,12326.282,12486.91,12503.04,11755.246,12879.895,12021.307,12789.8,11598.004,12174.678,12601.893,11935.921,12165.736,12196.459,12184.625,11913.735,12236.934,12400.386,12652.266,12220.067,12113.975,12279.934,12724.707,12161.715
2023-03-30,11884.949,12094.626,11811.293,11786.562,12274.734,12034.819,11363.704,11765.706,12381.322,12542.846,12560.316,11798.175,12944.784,12068.579,12857.913,11635.722,12230.771,12665.444,11976.78,12213.819,12246.309,12235.429,11954.365,12291.09,12455.785,12720.133,12270.393,12166.662,12335.761,12792.275,12212.037
2023-03-31,11936.339,12159.092,11863.823,11828.709,12337.816,12087.818,11393.063,11823.729,12450.636,12613.28,12630.342,11853.32,13023.84,12129.107,12944.06,11684.518,12302.477,12745.267,12028.538,12276.015,12309.576,12300.5625,12006.055,12360.8955,12525.152,12806.556,12334.176,12233.535,12406.74,12878.428,12275.781
2023-04-01,12000.587,12240.032,11930.13,11881.518,12416.86,12154.33,11429.886,11896.568,12538.112,12701.967,12718.436,11921.955,13123.199,12205.181,13052.667,11745.238,12393.358,12846.003,12093.413,12353.867,12389.066,12381.766,12071.0205,12448.204,12612.944,12915.862,12414.587,12317.836,12495.239,12986.825,12355.891
2023-04-02,12073.818,12330.394,12007.176,11941.889,12507.228,12231.935,11471.961,11979.047,12639.361,12804.475,12823.263,11999.543,13241.607,12290.749,13177.808,11812.427,12497.281,12962.399,12167.52,12440.606,12479.845,12471.666,12145.043,12545.74,12715.63,13041.243,12506.852,12414.486,12595.519,13109.794,12447.542
2023-04-03,12162.76,12433.942,12101.86,12015.227,12616.936,12329.508,11521.862,12077.494,12762.99,12929.875,12960.474,12090.123,13396.619,12390.338,13329.859,11889.414,12619.6045,13104.866,12256.778,12540.636,12589.255,12579.396,12233.429,12658.8545,12842.164,13190.61,12618.14,12530.296,12715.931,13257.081,12558.211
2023-04-04,12220.498,12498.876,12163.626,12062.814,12688.087,12393.987,11553.745,12140.552,12843.42,13011.5625,13053.225,12147.615,13501.239,12453.244,13428.604,11937.667,12697.449,13197.872,12314.397,12603.616,12659.969,12648.995,12290.185,12730.288,12924.845,13286.387,12690.045,12604.787,12793.6,13351.966,12629.771
2023-04-05,12238.495,12518.237,12182.8,12077.602,12710.1875,12414.369,11563.411,12159.854,12868.316,13036.919,13083.249,12164.973,13535.045,12472.224,13459.144,11952.174,12720.875,13226.776,12332.171,12622.579,12681.811,12670.528,12307.5625,12751.871,12950.455,13315.498,12712.18,12627.566,12817.645,13381.272,12651.86
2023-04-06,12227.814,12505.266,12171.841,12068.876,12697.131,12403.157,11557.382,12148.036,12853.906,13022.225,13068.146,12153.752,13518.17,12459.741,13441.13,11942.25,12706.209,13209.902,12321.48,12609.959,12668.727,12657.431,12296.935,12737.652,12935.913,13297.603,12698.978,12613.719,12802.801,13363.4,12638.652
2023-04-07,12220.379,12496.379,12163.825,12062.699,12687.911,12394.97,11553.205,12139.691,12843.385,13011.605,13056.576,12146.095,13505.126,12451.549,13428.226,11935.909,12695.708,13198.021,12313.988,12601.529,12659.466,12648.562,12289.461,12728.182,12925.147,13284.873,12689.519,12603.925,12792.866,13350.948,12629.324
2023-04-08,12217.233,12493.244,12160.183,12060.081,12683.978,12391.172,11551.49,12136.272,12838.723,13006.926,13050.7295,12143.397,13498.506,12448.156,13422.616,11933.631,12691.368,13192.546,12310.835,12598.437,12655.57,12644.956,12286.367,12724.617,12920.219,13279.511,12685.471,12599.759,12788.79,13345.752,12625.353
2023-04-09,12219.56,12496.649,12162.359,12061.964,12686.804,12393.193,11552.769,12138.967,12841.682,13009.913,13053.054,12145.726,13501.006,12451.284,13426.433,11936.216,12694.813,13195.952,12313.147,12601.731,12658.482,12648.677,12288.78,12728.23,12922.967,13283.544,12688.379,12602.808,12792.074,13350.072,12628.242
2023-04-10,12218.643,12497.413,12161.219,12061.222,12685.712,12391.378,11552.728,12138.562,12840.393,13008.544,13048.849,12146.054,13496.203,12451.643,13425.1045,11936.769,12694.923,13194.4375,12312.515,12602.229,12657.651,12647.398,12288.391,12728.633,12921.474,13283.203,12687.579,12602.296,12791.375,13349.122,12627.389
2023-04-11,12241.258,12523.369,12185.172,12079.827,12713.527,12416.263,11565.228,12163.358,12871.686,13040.339,13084.213,12168.785,13535.959,12476.645,13463.695,11956.112,12725.58,13230.652,12335.077,12627.397,12685.382,12675.136,12310.686,12757.1,12953.468,13320.825,12715.724,12631.495,12821.967,13386.557,12655.416
2023-04-12,12249.188,12532.992,12193.47,12086.344,12723.277,12424.72,11569.712,12172.202,12882.593,13051.412,13095.767,12177.057,13548.906,12485.796,13477.243,11963.298,12736.65,13243.276,12343.045,12636.676,12695.172,12684.879,12318.629,12767.541,12964.534,13334.286,12725.657,12641.875,12832.852,13399.873,12665.299
2023-04-13,12258.95,12545.098,12203.493,12094.336,12735.23,12434.889,11575.251,12183.1,12895.812,13064.867,13109.343,12187.405,13564.061,12497.281,13493.776,11972.456,12750.259,13258.652,12352.846,12648.38,12707.196,12696.977,12328.415,12780.687,12977.842,13350.8125,12737.803,12654.617,12846.408,13416.329,12677.418
2023-04-14,12271.151,12560.448,12216.0625,12104.339,12750.2,12447.562,11582.201,12196.821,12912.42,13081.737,13126.177,12200.412,13582.8545,12511.679,13514.533,11983.945,12767.488,13277.846,12365.127,12663.139,12722.296,12712.187,12340.723,12797.223,12994.55,13371.656,12753.082,12670.638,12863.315,13437.014,12692.628
2023-04-15,12289.013,12583.035,12234.377,12118.969,12772.086,12465.982,11592.409,12216.918,12936.63,13106.353,13150.425,12219.486,13609.874,12533.023,13544.878,12000.979,12792.754,13305.985,12383.113,12684.916,12744.389,12734.633,12358.758,12821.631,13018.869,13402.215,12775.421,12694.119,12888.203,13467.362,12714.893
2023-04-16,12311.382,12610.824,12257.792,12137.37,12799.614,12489.622,11605.179,12242.115,12967.493,13137.649,13182.295,12243.169,13645.507,12559.169,13583.295,12021.565,12824.534,13341.62,12405.681,12711.561,12772.157,12762.144,12381.3545,12851.529,13050.145,13440.693,12803.63,12723.663,12919.002,13505.21,12742.899
2023-04-17,12337.178,12641.3955,12285.193,12158.622,12831.391,12517.686,11619.673,12270.815,13003.404,13174.052,13221.444,12269.525,13689.347,12588.519,13627.745,12044.211,12860.515,13383.175,12431.579,12741.047,12804.047,12792.804,12407.124,12884.782,13086.833,13484.582,12836.096,12757.504,12954.138,13548.46,12775.096
2023-04-18,12355.681,12662.8125,12305.01,12173.879,12854.19,12538.173,11630.0625,12291.289,13029.307,13200.333,13250.4,12288.432,13721.819,12609.168,13659.722,12060.057,12886.075,13413.199,12450.148,12761.717,12826.865,12814.391,12425.508,12908.168,13113.471,13515.916,12859.35,12781.718,12979.268,13579.157,12798.178
2023-04-19,12375.232,12685.344,12325.342,12189.878,12878.097,12559.411,11640.786,12312.607,13055.928,13227.485,13280.311,12308.145,13755.201,12630.947,13692.83,12077.122,12912.209,13444.295,12469.55,12783.701,12850.714,12837.352,12444.661,12933.021,13140.547,13548.143,12883.437,12806.744,13006.017,13611.585,12822.221
2023-04-20,12381.554,12694.346,12331.524,12195.027,12885.812,12565.37,11644.488,12319.957,13064.261,13235.964,13287.326,12315.396,13762.905,12638.984,13703.475,12083.847,12921.573,13453.868,12475.961,12792.247,12858.631,12845.997,12451.222,12942.461,13148.679,13559.263,12891.39,12815.173,13015.043,13622.704,12830.151
2023-04-21,12388.655,12703.248,12339.434,12200.966,12894.704,12573.1455,11648.622,12328.21,13074.663,13246.358,13298.076,12322.674,13774.957,12647.377,13716.245,12090.064,12932.404,13465.64,12483.243,12800.625,12867.691,12854.613,12458.609,12951.841,13159.383,13572.206,12900.779,12824.981,13024.558,13635.0205,12839.3
2023-04-22,12401.07,12717.599,12352.641,12211.173,12909.941,12586.811,11655.6875,12341.911,13091.9,13263.91,13317.096,12335.297,13796.222,12661.583,13737.655,12100.968,12949.508,13485.98,12495.724,12814.602,12882.94,12869.269,12470.931,12967.709,13177.154,13593.249,12916.296,12841.263,13041.706,13655.524,12854.779
2023-04-23,12418.141,12736.42,12370.673,12225.174,12930.858,12605.965,11664.866,12360.336,13115.435,13287.896,13345.041,12351.966,13827.483,12679.582,13766.697,12114.945,12971.862,13513.187,12512.578,12832.906,12903.715,12888.48,12487.46,12988.458,13201.28,13621.019,12937.313,12862.899,13064.644,13683.484,12875.69
2023-04-24,12413.87,12731.844,12365.988,12221.6455,12925.597,12600.955,11662.43,12355.694,13109.366,13281.698,13337.756,12347.812,13819.273,12675.139,13759.255,12111.547,12966.171,13506.116,12508.277,12828.494,12898.501,12883.787,12483.292,12983.397,13194.874,13613.903,12931.994,12857.351,13058.838,13676.75,12870.387
2023-04-25,12405.821,12723.853,12357.474,12215.065,12915.772,12591.63,11658.391,12347.327,13098.34,13270.447,13323.362,12340.478,13803.175,12667.199,13745.747,12105.547,12956.332,13493.3,12500.508,12820.538,12888.861,12875.329,12475.7705,12974.307,13183.57,13601.454,12922.28,12847.525,13048.293,13663.703,12860.713
2023-04-26,12422.957,12742.664,12375.758,12229.15,12936.811,12610.944,11667.66,12365.884,13122.161,13294.676,13351.573,12357.117,13834.732,12685.55,13775.106,12119.545,12979.046,13520.99,12517.475,12838.883,12909.779,12894.611,12492.437,12995.137,13208.071,13629.626,12943.521,12869.44,13071.316,13691.8955,12881.817
2023-04-27,12416.672,12734.703,12369.499,12224.044,12929.179,12604.59,11664.094,12358.886,13113.869,13286.185,13343.373,12350.385,13825.678,12677.951,13764.589,12113.375,12970.369,13511.1875,12511.192,12831.129,12902.086,12886.607,12486.156,12986.44,13199.799,13619.048,12935.801,12861.292,13062.397,13681.24,12874.061
2023-04-28,12408.252,12723.806,12360.872,12217.142,12918.849,12595.961,11659.283,12349.321,13102.414,13274.553,13332.084,12341.323,13813.152,12667.937,13750.201,12105.313,12958.303,13498.026,12502.704,12820.727,12891.607,12875.942,12477.601,12974.839,13188.32,13604.497,12925.198,12850.168,13050.689,13666.806,12863.53
2023-04-29,12404.069,12719.203,12355.8,12213.58,12913.52,12590.855,11656.913,12344.51,13095.847,13268.057,13324.277,12337.455,13804.319,12663.463,13742.366,12102.3545,12951.924,13490.686,12498.415,12816.443,12886.221,12871.465,12473.289,12969.982,13181.351,13596.81,12919.505,12844.324,13045.425,13659.679,12858.07
2023-04-30,12401.746,12717.652,12352.969,12211.643,12910.645,12587.624,11655.627,12342.197,13092.332,13264.461,13318.986,12335.645,13798.301,12661.317,13738.188,12101.064,12949.166,13486.373,12496.103,12814.78,12883.48,12869.495,12471.173,12967.907,13177.397,13593.133,12916.648,12841.356,13042.366,13656.36,12855.206
2023-05-01,12395.729,12712.019,12346.824,12206.774,12903.388,12580.593,11652.674,12336.174,13084.3955,13256.239,13308.046,12330.17,13786.052,12655.812,13728.415,12096.654,12942.477,13477.017,12490.378,12809.092,12876.465,12863.373,12465.757,12961.356,13169.257,13584.427,12909.696,12834.355,13034.386,13647.034,12848.167
2023-05-02,12405.314,12721.779,12357.724,12214.758,12915.297,12592.199,11658.014,12346.583,13098.443,13270.453,13325.616,12338.972,13805.89,12665.614,13745.428,12103.685,12955.416,13493.304,12500.003,12818.527,12888.26,12873.461,12475.114,12972.219,13184.167,13600.562,12921.861,12846.916,13047.02,13662.3545,12860.166
2023-05-03,12409.458,12722.918,12362.832,12218.204,12920.408,12598.672,11659.598,12350.12,13104.695,13276.847,13338.036,12341.231,13820.001,12667.554,13752.533,12104.419,12958.868,13500.577,12503.736,12820.0,12892.912,12875.515,12478.332,12974.263,13191.147,13605.6875,12926.622,12851.316,13051.565,13667.98,12864.869
2023-05-04,12382.103,12690.702,12333.466,12195.617,12886.643,12568.551,11644.244,12319.605,13066.214,13237.898,13295.593,12313.729,13772.525,12636.796,13704.997,12080.87,12920.506,13456.208,12476.246,12789.059,12858.979,12843.331,12450.972,12939.369,13151.679,13558.871,12891.981,12815.285,13014.52,13622.101,12830.621
2023-05-05,12359.629,12664.861,12309.642,12177.147,12859.051,12543.831,11631.717,12294.901,13035.08,13206.238,13260.718,12290.999,13733.536,12611.523,13666.414,12061.441,12889.826,13419.788,12453.786,12763.917,12831.394,12817.028,12428.7705,12910.894,13119.753,13521.148,12863.951,12786.077,12983.827,13584.801,12802.724
2023-05-06,12355.653,12662.613,12304.214,12173.696,12853.903,12537.617,11629.808,12290.852,13028.297,13199.511,13249.328,12288.177,13720.443,12609.281,13658.808,12060.553,12884.95,13412.51,12449.877,12761.891,12826.472,12814.612,12425.143,12908.38,13112.102,13514.793,12858.678,12781.02,12979.602,13579.005,12797.725
2023-05-07,12371.319,12684.531,12319.914,12186.5205,12873.108,12552.863,11639.107,12309.096,13049.362,13220.914,13267.698,12306.38,13740.759,12628.886,13685.529,12076.784,12908.288,13436.818,12465.869,12782.611,12846.146,12835.652,12441.431,12931.34,13132.97,13542.568,12878.536,12802.088,13001.867,13606.22,12817.506
2023-05-08,12408.011,12728.986,12358.567,12216.709,12918.253,12592.129,11659.699,12350.151,13100.188,13272.408,13321.786,12343.933,13801.056,12671.402,13748.7295,12109.712,12959.969,13495.575,12502.689,12825.473,12891.629,12880.036,12478.257,12979.514,13184.578,13605.398,12924.812,12850.361,13052.051,13668.499,12863.354
2023-05-09,12431.274,12758.129,12383.41,12235.929,12946.9795,12617.03,11673.388,12376.7,13132.8955,13305.531,13354.996,12368.457,13838.142,12699.073,13789.456,12131.192,12993.965,13533.4375,12526.423,12853.271,12920.739,12908.795,12502.052,13010.77,13218.134,13646.516,12954.757,12881.774,13084.348,13707.807,12892.845
2023-05-10,12481.293,12813.657,12436.826,12277.056,13008.427,12673.216,11700.573,12431.113,13202.548,13376.331,13436.651,12417.241,13929.368,12753.055,13875.419,12172.388,13060.852,13614.375,12576.033,12907.285,12981.948,12965.4795,12550.904,13072.033,13289.748,13729.328,13016.8,12946.065,13151.695,13790.436,12954.6045
2023-05-11,12477.068,12808.188,12432.682,12273.635,13003.3125,12669.033,11698.167,12426.394,13197.039,13370.678,13431.38,12412.643,13923.574,12747.864,13868.383,12168.126,13054.998,13607.84,12571.81,12901.96,12976.779,12959.998,12546.672,13066.076,13284.285,13722.205,13011.628,12940.59,13145.643,13783.23,12949.3955
2023-05-12,12467.497,12795.497,12423.157,12265.84,12991.649,12659.547,11692.676,12415.533,13184.345,13357.722,13419.454,12402.116,13910.443,12736.125,13852.246,12158.508,13041.364,13593.053,12562.184,12889.762,12964.932,12947.512,12536.953,13052.484,13271.694,13705.75,12999.718,12928.011,13132.062,13766.737,12937.485
2023-05-13,12456.871,12782.031,12411.783,12257.043,12978.483,12648.237,11686.572,12403.343,13169.321,13342.585,13404.141,12390.978,13893.391,12723.595,13833.589,12148.833,13025.693,13575.893,12551.396,12876.994,12951.547,12934.395,12526.048,13038.215,13256.417,13686.901,12986.002,12913.668,13117.563,13748.411,12923.999
2023-05-14,12445.351,12768.735,12399.205,12247.509,12964.242,12635.336,11680.014,12390.483,13152.91,13325.983,13385.882,12379.67,13872.971,12710.483,13813.337,12139.035,13009.3955,13556.727,12539.766,12864.159,12937.237,12920.959,12514.496,13023.664,13239.408,13666.954,12971.321,12898.321,13101.896,13729.181,12909.487
2023-05-15,12432.054,12754.788,12384.819,12236.564,12947.907,12619.905,11672.847,12376.232,13134.249,13306.9795,13362.864,12367.196,13847.166,12696.777,13790.451,12128.69,12992.095,13535.026,12526.616,12850.538,12921.071,12906.517,12501.698,13008.103,13220.008,13645.3125,12954.885,12881.412,13084.151,13707.71,12893.154
2023-05-16,12433.299,12757.427,12386.122,12237.615,12949.487,12620.82,11673.899,12378.043,13136.072,13308.788,13363.072,12368.916,13847.371,12699.087,13792.854,12130.603,12994.815,13537.131,12528.085,12852.902,12922.827,12908.838,12503.311,13010.676,13221.835,13648.328,12956.732,12883.565,13086.202,13710.119,12894.96
2023-05-17,12450.571,12776.473,12404.678,12251.838,12970.731,12640.348,11683.283,12396.836,13160.247,13333.341,13391.61,12385.675,13879.284,12717.615,13822.625,12144.661,13017.947,13565.17,12545.228,12871.412,12943.989,12928.281,12520.18,13031.683,13246.743,13676.961,12978.27,12905.791,13109.367,13738.616,12916.314
2023-05-18,12451.995,12778.326,12405.962,12252.968,12972.419,12641.668,11684.09,12398.383,13161.961,13335.135,13393.147,12387.265,13880.949,12719.447,13824.88,12146.225,13019.795,13567.31,12546.632,12873.273,12945.681,12930.206,12521.571,13033.773,13248.401,13679.243,12979.924,12907.57,13111.502,13741.015,12918.024
2023-05-19,12465.487,12796.706,12418.784,12263.85,12988.686,12654.422,11691.853,12413.607,13179.156,13352.839,13408.292,12402.523,13897.477,12736.521,13847.082,12160.6045,13038.683,13587.682,12560.144,12891.107,12962.218,12948.432,12535.203,13053.611,13265.179,13702.068,12996.358,12925.055,13131.121,13764.281,12934.634
2023-05-20,12496.052,12837.656,12449.427,12288.809,13026.017,12684.706,11709.478,12448.569,13220.052,13394.484,13446.288,12436.262,13939.312,12774.252,13898.998,12191.322,13082.936,13635.48,12590.995,12930.311,13000.278,12988.4795,12566.456,13097.204,13305.793,13755.251,13034.728,12965.555,13174.3545,13817.305,12972.894
2023-05-21,12542.281,12896.858,12497.766,12326.85,13082.894,12732.882,11736.128,12501.36,13284.028,13459.311,13509.876,12485.498,14009.749,12829.892,13979.236,12234.974,13150.32,13709.676,12637.809,12986.897,13058.118,13046.667,12613.693,13160.462,13370.549,13836.56,13093.626,13027.488,13238.606,13896.887,13031.23
2023-05-22,12607.906,12975.024,12567.776,12380.909,13163.664,12804.589,11773.18,12574.766,13375.918,13552.511,13609.626,12551.604,14120.59,12904.919,14093.559,12292.587,13242.779,13816.352,12703.776,13062.109,13139.537,13124.884,12679.455,13245.232,13464.824,13949.648,13177.056,13114.275,13328.551,14007.461,13113.502
2023-05-23,12672.354,13047.496,12636.898,12433.924,13242.842,12876.989,11808.518,12645.44,13466.231,13644.246,13714.156,12614.335,14236.688,12975.285,14205.477,12346.059,13330.331,13921.418,12767.888,13132.362,13218.798,13198.522,12742.791,13324.831,13557.905,14058.004,13257.797,13197.981,13415.828,14114.624,13193.534
2023-05-24,12686.937,13061.8,12653.081,12445.961,13260.803,12894.559,11816.101,12660.913,13487.159,13665.453,13741.504,12627.482,14267.16,12989.622,14230.999,12356.393,13349.076,13945.691,12782.176,13146.391,13236.56,13213.518,12756.661,13340.94,13579.808,14081.662,13275.774,13216.465,13434.835,14138.252,13211.458
2023-05-25,12654.572,13019.733,12620.901,12419.669,13221.498,12862.185,11797.667,12624.462,13444.366,13621.646,13700.364,12592.38,14222.132,12950.042,14176.375,12324.172,13303.543,13895.207,12749.767,13105.67,13196.68,13171.675,12724.047,13295.47,13537.162,14026.259,13235.676,13174.099,13388.667,14082.592,13171.287
2023-05-26,12604.188,12955.37,12569.208,12378.4,13159.762,12810.573,11768.8545,12567.0625,13375.704,13551.89,13633.135,12538.239,14148.116,12889.368,14089.686,12275.686,13230.815,13815.645,12698.995,13043.13,13133.87,13107.535,12672.734,13225.715,13468.211,13938.318,13171.977,13107.118,13318.133,13995.542,13108.1
2023-05-27,12546.87,12884.477,12507.761,12331.05,13088.968,12748.6455,11736.162,12502.014,13294.799,13470.146,13548.114,12479.424,14053.79,12822.393,13988.992,12224.437,13147.761,13722.0625,12641.061,12975.816,13062.093,13037.933,12614.498,13150.147,13385.474,13837.572,13098.3955,13030.23,13239.645,13897.542,13035.608
2023-05-28,12483.607,12811.802,12439.385,12278.8545,13011.037,12677.644,11700.709,12432.061,13205.502,13379.554,13446.761,12417.548,13940.773,12752.02,13878.567,12171.223,13060.228,13617.949,12577.608,12906.138,12983.951,12964.903,12551.75,13071.149,13293.12,13729.833,13018.569,12947.11,13153.69,13792.543,12956.52
2023-05-29,12430.308,12755.624,12382.179,12235.062,12945.686,12616.31,11672.274,12375.013,13131.173,13303.855,13355.29,12366.957,13838.451,12696.868,13787.217,12129.457,12991.147,13531.498,12525.087,12851.131,12919.207,12906.699,12500.56,13008.43,13216.24,13643.473,12952.878,12879.67,13082.59,13705.931,12891.208
2023-05-30,12451.859,12781.885,12405.312,12252.866,12972.295,12639.746,11684.789,12399.391,13161.548,13334.626,13387.247,12388.943,13874.151,12721.957,13824.929,12148.791,13022.161,13566.698,12546.976,12876.253,12946.078,12932.784,12522.414,13036.743,13247.498,13681.169,12980.508,12908.555,13112.297,13742.12,12918.42
2023-05-31,12488.074,12821.022,12444.341,12282.682,13016.827,12681.096,11704.293,12438.559,13212.319,13386.202,13448.354,12423.673,13942.478,12760.235,13887.36,12177.67,13070.15,13625.628,12582.811,12914.382,12990.34,12972.95,12557.584,13080.103,13299.927,13740.809,13025.414,12954.94,13160.669,13801.628,12963.084
2023-06-01,12465.78,12791.863,12422.33,12264.584,12989.756,12659.013,11691.552,12413.49,13183.036,13356.226,13420.564,12399.299,13911.915,12732.845,13850.041,12155.21,13038.892,13591.15,12560.469,12886.142,12962.926,12943.95,12535.113,13048.558,13270.892,13702.894,12997.924,12925.857,13128.854,13763.43,12935.484
2023-06-02,12440.91,12760.684,12396.0,12244.031,12958.999,12632.806,11677.297,12384.98,13148.174,13321.053,13385.377,12372.973,13872.752,12703.628,13806.651,12132.304,13002.418,13551.495,12535.264,12855.998,12931.658,12913.046,12509.621,13014.926,13235.601,13659.039,12965.987,12892.471,13094.834,13720.585,12904.052
2023-06-03,12423.622,12741.358,12375.871,12229.518,12937.299,12612.155,11667.52,12365.597,13122.153,13295.015,13354.4375,12356.98,13837.906,12684.747,13775.186,12119.285,12977.359,13521.478,12517.708,12838.145,12909.892,12894.2,12492.192,12994.543,13208.094,13628.397,12943.268,12868.947,13072.252,13691.728,12881.8955
2023-06-04,12413.012,12733.996,12363.241,12220.684,12924.171,12597.545,11662.025,12355.093,13106.323,13278.836,13329.987,12348.338,13810.129,12676.067,13756.459,12113.751,12965.235,13502.993,12507.346,12830.575,12897.375,12885.442,12482.67,12985.298,13190.605,13612.254,12930.358,12855.892,13058.796,13676.41,12869.029
2023-06-05,12417.282,12744.921,12367.645,12224.339,12929.676,12599.806,11665.958,12361.984,13112.69,13285.012,13328.084,12356.482,13807.763,12685.589,13765.059,12121.543,12976.217,13510.095,12512.628,12840.299,12903.81,12894.782,12488.784,12995.723,13196.715,13623.996,12937.242,12864.031,13066.125,13685.773,12875.67
2023-06-06,12488.341,12825.351,12443.906,12282.874,13017.142,12679.338,11705.272,12440.028,13212.221,13386.064,13442.255,12425.944,13935.42,12763.53,13887.9375,12180.99,13073.07,13625.54,12583.562,12918.154,12991.19,12976.331,12558.845,13083.951,13299.261,13743.401,13026.48,12956.437,13162.242,13803.449,12963.95
2023-06-07,12521.933,12861.349,12479.833,12310.46,13058.333,12717.626,11723.224,12476.131,13258.955,13433.634,13498.925,12458.115,13998.662,12798.8955,13945.541,12207.803,13116.983,13680.01,12616.673,12953.391,13032.07,13013.508,12591.262,13124.054,13347.44,13798.19,13067.763,12999.138,13207.238,13858.513,13005.189
2023-06-08,12506.892,12843.777,12463.892,12298.097,13039.867,12701.155,11714.825,12459.483,13238.0625,13412.405,13475.822,12443.047,13972.967,12781.868,13919.56,12194.7,13096.21,13655.606,12601.626,12936.366,13013.529,12995.747,12576.331,13104.824,13326.039,13772.683,13048.9,12979.472,13186.645,13833.339,12986.457
2023-06-09,12497.335,12832.99,12453.606,12290.22,13028.1,12690.397,11709.565,12448.9795,13224.623,13398.768,13460.272,12433.698,13955.605,12771.539,13902.98,12186.815,13083.193,13640.091,12592.095,12925.964,13001.76,12984.859,12566.92,13093.051,13312.184,13756.629,13036.904,12967.063,13173.782,13817.52,12974.582
2023-06-10,12492.376,12827.362,12448.48,12286.173,13022.058,12685.022,11706.891,12443.611,13217.916,13391.92,13452.645,12428.726,13947.1455,12765.971,13894.601,12182.499,13076.637,13632.16,12587.209,12920.418,12995.732,12979.054,12562.097,13086.7705,13305.38,13748.506,13030.822,12960.753,13166.985,13809.231,12968.505
2023-06-11,12495.6455,12830.884,12451.81,12288.826,13026.014,12688.59,11708.601,12447.06,13222.252,13396.37,13457.812,12431.943,13952.866,12769.578,13900.029,12185.29,13080.745,13637.372,12590.387,12923.961,12999.645,12982.795,12565.201,13090.806,13309.769,13753.668,13034.743,12964.805,13171.472,13814.634,12972.453
2023-06-12,12495.462,12831.94,12451.127,12288.616,13025.71,12687.593,11708.694,12447.103,13221.53,13395.702,13455.161,12432.481,13949.802,12770.189,13899.447,12186.246,13080.905,13636.57,12590.284,12924.899,12999.462,12983.598,12565.223,13091.728,13308.751,13753.644,13034.452,12964.686,13171.708,13814.636,12972.244
2023-06-13,12508.969,12849.143,12464.8545,12299.649,13042.211,12701.417,11716.306,12462.305,13239.733,13414.23,13473.36,12446.943,13969.8955,12786.328,13922.406,12199.164,13099.969,13657.805,12603.8125,12941.4795,13016.176,13000.646,12578.831,13110.252,13326.96,13776.756,13051.327,12982.381,13190.5625,13837.839,12989.057
2023-06-14,12527.724,12874.577,12483.648,12314.961,13065.1045,12719.861,11727.316,12483.873,13264.811,13439.797,13495.965,12467.703,13994.727,12810.022,13954.367,12218.418,13127.442,13687.2295,12622.84,12965.863,13039.563,13025.568,12598.13,13137.393,13351.932,13809.754,13074.929,13007.47,13217.405,13870.4,13012.627
2023-06-15,12572.295,12929.961,12529.893,12351.511,13119.727,12766.792,11752.537,12533.976,13325.882,13501.905,13559.104,12514.253,14064.628,12862.276,14030.991,12259.651,13190.39,13758.441,12667.602,13019.131,13094.806,13080.584,12642.972,13197.102,13413.761,13886.364,13130.964,13066.154,13279.251,13946.251,13068.307
2023-06-16,12618.824,12986.975,12578.963,12389.785,13176.927,12816.62,11778.85,12586.359,13390.544,13567.494,13627.216,12562.319,14140.079,12916.395,14111.798,12301.661,13256.554,13833.561,12714.393,13073.87,13152.674,13137.222,12689.854,13258.548,13479.633,13966.937,13189.951,13127.796,13343.342,14025.469,13126.687
2023-06-17,12668.17,13046.091,12631.167,12430.345,13237.511,12870.13,11806.646,12641.507,13459.159,13637.202,13701.18,12612.32,14221.963,12973.149,14197.523,12345.498,13325.85,13913.5205,12763.904,13130.868,13213.807,13196.459,12739.233,13322.736,13549.851,14051.802,13252.444,13192.892,13411.342,14108.822,13188.437
2023-06-18,12714.734,13099.554,12680.953,12468.65,13294.718,12921.971,11832.315,12692.928,13524.389,13703.432,13775.273,12658.217,14304.056,13024.557,14278.574,12384.768,13389.843,13989.426,12810.318,13182.493,13271.274,13250.388,12785.254,13381.065,13616.925,14130.746,13311.02,13253.673,13474.616,14186.769,13246.429
2023-06-19,12731.221,13117.26,12699.043,12482.259,13315.032,12941.055,11841.203,12710.904,13547.9375,13727.261,13803.724,12673.84,14335.618,13042.095,14307.576,12397.638,13412.159,14016.697,12826.664,13199.713,13291.593,13268.546,12801.358,13400.656,13641.378,14158.4795,13331.679,13275.103,13496.572,14214.17,13266.947
2023-06-20,12723.902,13107.162,12691.964,12476.328,13306.162,12934.114,11837.066,12702.538,13538.431,13717.542,13795.304,12665.502,14326.494,13032.825,14295.324,12389.982,13401.632,14005.567,12819.349,13190.0,13282.512,13258.678,12793.893,13389.914,13632.104,14145.818,13322.769,13265.5,13486.088,14201.186,13257.854
2023-06-21,12712.164,13089.949,12680.407,12466.749,13291.83,12923.232,11829.914,12688.6045,13522.853,13701.658,13783.3,12651.852,14313.497,13016.973,14275.172,12376.914,13383.489,13987.274,12807.285,13173.548,13267.671,13242.038,12781.45,13371.742,13616.74,14124.282,13307.551,13249.34,13468.843,14180.202,13242.885
2023-06-22,12669.426,13037.456,12635.905,12431.72,13239.493,12877.89,11805.832,12640.634,13464.102,13641.905,13721.833,12607.575,14245.757,12967.081,14201.332,12337.781,13323.235,13918.699,12764.442,13122.883,13214.698,13189.629,12738.548,13314.9,13557.098,14050.689,13253.724,13193.025,13409.511,14107.3955,13189.475
2023-06-23,12624.188,12981.989,12588.4795,12394.576,13183.986,12829.637,11780.305,12589.786,13401.545,13578.376,13656.091,12560.864,14173.145,12914.404,14122.935,12296.688,13259.188,13845.87,12719.027,13069.499,13158.526,13134.395,12693.058,13254.984,13493.482,13972.573,13196.551,13133.25,13346.97,14030.356,13132.823
2023-06-24,12571.239,12916.834,12533.3125,12351.165,13119.119,12773.43,11750.386,12530.457,13328.801,13504.397,13579.922,12506.095,14088.939,12852.512,14031.677,12248.167,13184.696,13760.893,12665.903,13006.859,13092.984,13069.532,12639.932,13184.619,13419.615,13881.644,13130.003,13063.532,13273.481,13940.49,13066.688
2023-06-25,12513.54,12847.312,12472.657,12303.761,13048.268,12711.41,11717.955,12465.923,13248.934,13423.303,13494.563,12446.943,13994.24,12786.276,13931.995,12196.502,13103.757,13668.229,12608.037,12939.66,13021.51,12999.884,12582.154,13109.084,13338.308,13782.834,13057.3545,12987.687,13194.168,13842.9375,12994.641
2023-06-26,12463.533,12787.105,12419.7,12262.616,12986.773,12657.238,11689.877,12410.1,13179.364,13352.748,13419.375,12396.089,13910.618,12728.968,13845.443,12152.257,13033.626,13587.406,12557.869,12882.008,12959.566,12940.016,12532.117,13044.167,13267.304,13697.213,12994.284,12921.884,13125.718,13758.531,12932.116
2023-06-27,12424.526,12740.998,12378.15,12230.484,12938.764,12614.524,11667.867,12366.662,13124.886,13297.466,13359.77,12356.874,13844.111,12684.74,13777.857,12118.157,12979.166,13524.143,12518.673,12837.607,12911.313,12893.774,12493.166,12994.055,13211.433,13630.588,12945.128,12870.58,13072.382,13693.303,12883.371
2023-06-28,12388.29,12700.792,12339.316,12200.652,12894.206,12573.729,11648.122,12327.177,13074.245,13246.034,13300.401,12321.479,13777.682,12645.683,13715.473,12088.44,12930.522,13465.422,12482.672,12798.541,12866.903,12852.777,12457.728,12949.749,13159.311,13570.478,12899.954,12823.935,13023.729,13633.497,12838.565
2023-06-29,12393.537,12708.406,12344.109,12204.859,12900.504,12578.365,11651.195,12333.177,13080.745,13252.739,13305.395,12327.665,13783.067,12652.644,13723.981,12094.451,12938.008,13473.133,12487.944,12805.914,12873.346,12860.25,12463.1,12957.902,13165.509,13579.43,12906.318,12830.764,13031.514,13642.692,12845.023
2023-06-30,12405.829,12724.946,12356.613,12214.9375,12915.592,12590.63,11658.33,12347.337,13097.424,13269.647,13320.871,12341.185,13800.192,12667.797,13745.026,12106.695,12956.083,13492.406,12500.409,12821.658,12888.743,12876.31,12475.76,12975.405,13182.112,13601.051,12921.907,12847.204,13048.76,13664.064,12860.498
2023-07-01,12435.275,12762.857,12386.539,12239.005,12951.574,12620.579,11675.273,12380.631,13137.084,13310.054,13359.494,12373.034,13842.933,12703.706,13795.112,12135.461,12998.059,13538.782,12530.091,12858.242,12925.211,12913.96,12505.605,13016.343,13221.882,13651.828,12958.74,12886.086,13090.27,13714.45,12897.272
2023-07-02,12480.053,12818.342,12433.388,12275.812,13006.604,12668.069,11700.707,12431.052,13198.888,13372.791,13423.756,12419.548,13914.413,12755.783,13872.281,12176.446,13061.554,13610.53,12575.173,12911.415,12980.809,12968.882,12550.75,13075.974,13284.6,13728.943,13015.222,12945.192,13152.023,13790.381,12953.3125
2023-07-03,12528.323,12875.679,12484.71,12315.558,13066.009,12720.622,11727.726,12484.885,13266.237,13441.062,13497.144,12468.621,13996.077,12810.892,13955.965,12218.763,13129.205,13688.546,12623.569,12966.706,13040.612,13026.34,12599.01,13138.262,13353.444,13811.606,13076.178,13008.72,13217.911,13871.893,13013.675
2023-07-04,12559.055,12911.673,12517.83,12340.92,13103.892,12754.716,11745.156,12519.185,13309.605,13485.036,13545.018,12498.903,14049.427,12845.582,14009.719,12245.229,13172.391,13738.867,12654.5205,13001.316,13078.724,13062.458,12629.753,13177.385,13398.214,13864.544,13115.454,13049.415,13259.902,13923.193,13052.235
2023-07-05,12593.0205,12947.614,12554.565,12368.865,13145.619,12793.916,11763.265,12555.726,13357.352,13533.55,13603.63,12531.058,14114.763,12880.957,14068.444,12271.714,13216.973,13794.405,12688.01,13036.428,13120.169,13099.567,12662.535,13217.392,13447.637,13920.225,13157.339,13092.755,13305.135,13978.885,13094.053
2023-07-06,12571.33,12920.465,12532.319,12351.133,13119.115,12771.344,11750.987,12531.387,13327.935,13503.574,13573.623,12508.233,14081.646,12855.272,14031.368,12251.286,13186.484,13760.003,12666.264,13010.234,13093.363,13072.523,12640.746,13188.033,13417.971,13883.077,13130.229,13064.286,13274.805,13941.931,13067.031
2023-07-07,12525.606,12861.211,12486.693,12313.945,13063.486,12725.543,11724.893,12479.888,13267.306,13441.617,13515.281,12458.623,14017.504,12799.449,13954.27,12205.881,13122.06,13688.768,12620.418,12952.815,13036.998,13013.529,12594.609,13123.875,13357.591,13804.87,13073.529,13004.39,13209.842,13863.474,13010.266
2023-07-08,12462.099,12780.952,12420.812,12261.748,12985.41,12659.737,11688.535,12407.578,13179.983,13353.125,13428.449,12390.89,13921.298,12723.754,13844.754,12145.782,13030.282,13588.19,12556.305,12874.941,12957.733,12933.581,12529.902,13036.895,13269.661,13694.095,12992.991,12919.85,13121.71,13754.285,12930.512
2023-07-09,12383.703,12684.082,12337.53,12197.144,12888.775,12575.519,11643.879,12319.262,13070.48,13242.293,13313.191,12310.338,13792.886,12632.131,13708.579,12075.125,12918.298,13461.143,12477.208,12782.992,12860.159,12838.342,12450.688,12933.476,13157.994,13558.139,12893.433,12815.605,13014.1045,13621.266,12831.927
2023-07-10,12299.263,12586.204,12247.038,12127.52,12784.741,12481.864,11596.417,12225.837,12952.18,13122.234,13180.721,12224.698,13644.401,12538.024,13562.53,12002.931,12801.681,13323.971,12392.43,12688.821,12755.999,12739.931,12366.822,12826.906,13036.239,13415.175,12787.313,12705.113,12899.415,13481.408,12726.594
2023-07-11,12228.753,12510.233,12171.553,12069.5,12698.1,12401.769,11558.501,12149.93,12854.062,13022.442,13062.503,12156.888,13511.443,12463.695,13442.224,11946.435,12709.189,13210.276,12322.689,12614.582,12670.147,12660.275,12298.594,12742.471,12935.171,13300.442,12700.199,12615.555,12805.449,13366.278,12639.978
2023-07-12,12260.938,12548.797,12204.972,12095.886,12737.558,12436.089,11576.527,12185.523,12897.949,13067.108,13109.63,12190.214,13564.212,12500.551,13496.814,11975.504,12753.365,13261.274,12354.887,12651.953,12709.666,12700.485,12330.58,12784.573,12979.636,13354.377,12740.17,12657.278,12849.684,13420.073,12679.875
2023-07-13,12296.461,12594.516,12240.726,12124.874,12780.92,12472.0,11596.839,12225.489,12945.386,13115.473,13155.939,12228.75,13615.661,12543.406,13556.618,12010.269,12803.371,13316.584,12390.601,12696.078,12753.49,12745.882,12366.423,12833.926,13026.936,13414.819,12784.271,12703.726,12899.603,13480.526,12723.985
2023-07-14,12350.876,12664.454,12296.498,12169.478,12847.645,12527.769,11628.042,12287.139,13019.293,13190.562,13228.7705,12287.352,13696.674,12608.74,13649.379,12062.554,12881.199,13402.436,12445.501,12763.191,12821.077,12814.84,12421.66,12908.935,13101.074,13508.666,12852.643,12775.588,12975.438,13573.551,12792.035
2023-07-15,12420.651,12751.086,12369.962,12226.938,12933.572,12601.8,11667.929,12365.969,13116.101,13288.65,13328.762,12360.988,13808.201,12690.729,13769.976,12126.548,12981.076,13514.417,12515.968,12846.246,12907.923,12900.625,12492.316,13002.129,13199.439,13629.61,12941.062,12868.24,13071.541,13692.127,12879.6875
2023-07-16,12503.252,12848.189,12458.11,12294.991,13035.276,12692.454,11714.337,12457.824,13231.563,13405.774,13455.843,12444.208,13950.04,12784.17,13913.114,12198.317,13096.223,13648.22,12598.865,12939.87,13010.057,12998.155,12574.715,13107.821,13317.902,13770.595,13045.433,12976.815,13184.239,13830.441,12982.894
2023-07-17,12571.065,12924.247,12530.774,12350.789,13118.631,12768.6,11751.524,12532.029,13326.408,13502.133,13565.842,12510.2295,14072.653,12857.995,14030.386,12254.554,13187.961,13758.447,12666.331,13013.638,13093.32,13075.506,12641.285,13191.442,13415.604,13884.059,13130.176,13064.6455,13275.905,13942.796,13066.967
2023-07-18,12587.547,12941.345,12548.56,12364.331,13138.847,12787.72,11760.196,12549.616,13349.499,13525.616,13594.713,12525.711,14104.827,12874.901,14058.768,12267.195,13209.249,13785.332,12682.505,13030.414,13113.351,13093.281,12657.063,13210.589,13439.496,13910.755,13150.338,13085.485,13297.772,13969.719,13087.16
2023-07-19,12577.013,12929.6045,12537.04,12355.62,13125.832,12775.693,11754.415,12538.003,13334.465,13510.408,13577.101,12515.53,14085.198,12863.551,14040.269,12258.724,13194.742,13767.978,12671.987,13019.106,13100.311,13081.427,12646.662,13197.775,13423.927,13892.872,13136.982,13071.695,13283.704,13952.183,13073.993
2023-07-20,12574.948,12927.918,12534.662,12353.911,13123.294,12773.039,11753.342,12535.8955,13331.449,13507.343,13572.816,12513.874,14080.392,12861.579,14036.633,12257.424,13192.223,13764.378,12669.971,13017.37,13097.841,13079.492,12644.754,13195.714,13420.68,13889.6045,13134.44,13069.101,13281.0205,13948.99,13071.47
2023-07-21,12581.296,12936.864,12540.788,12359.058,13130.983,12778.956,11757.081,12543.218,13339.675,13515.767,13579.601,12521.15,14087.748,12870.001,14047.282,12264.366,13201.548,13774.151,12676.396,13026.017,13105.73,13088.295,12651.311,13205.309,13428.732,13900.775,13142.347,13077.573,13290.315,13960.195,13079.419
2023-07-22,12594.822,12954.205,12554.926,12370.184,13147.621,12793.112,11764.882,12558.666,13358.406,13534.767,13598.317,12535.443,14108.459,12886.057,14070.785,12277.066,13221.203,13795.898,12690.091,13042.517,13122.65,13105.257,12665.114,13223.742,13447.72,13924.536,13159.668,13095.667,13309.117,13983.377,13096.477
2023-07-23,12616.003,12979.085,12577.444,12387.6045,13173.647,12816.29,11776.647,12582.201,13387.949,13564.734,13630.921,12556.782,14144.606,12910.101,14107.559,12295.457,13250.695,13830.207,12711.262,13066.572,13148.855,13130.299,12686.201,13250.865,13477.953,13960.703,13186.2705,13123.463,13338.03,14019.152,13122.92
2023-07-24,12626.981,12992.319,12589.179,12396.653,13187.161,12828.285,11782.954,12594.555,13403.366,13580.39,13647.396,12567.806,14162.891,12922.744,14126.78,12305.216,13266.317,13848.159,12722.356,13079.262,13162.507,13143.494,12697.26,13265.168,13493.826,13979.802,13200.438,13138.093,13353.199,14037.579,13136.737
2023-07-25,12644.945,13012.15,12608.313,12411.398,13209.175,12848.5,11792.617,12614.062,13428.357,13605.803,13676.919,12585.29,14195.657,12942.05,14157.749,12319.915,13290.236,13877.289,12740.104,13098.587,13184.485,13163.785,12714.736,13287.079,13519.505,14009.5205,13222.575,13161.123,13377.415,14067.387,13158.891
2023-07-26,12641.81,13009.194,12604.793,12408.804,13205.307,12844.647,11791.006,12610.761,13423.819,13601.209,13670.82,12582.528,14188.843,12939.058,14152.246,12317.797,13286.256,13872.041,12737.039,13095.681,13180.673,13160.658,12711.776,13283.728,13514.733,14004.476,13218.717,13157.17,13373.375,14062.35,13155.043
2023-07-27,12642.361,13009.446,12605.773,12409.324,13206.089,12845.692,11791.287,12611.405,13425.049,13602.368,13672.869,12582.771,14191.197,12939.279,14153.562,12317.6875,13287.1875,13873.279,12737.62,13095.83,13181.456,13160.8545,12712.347,13283.928,13516.167,14005.61,13219.632,13158.024,13373.804,14063.224,13155.84
2023-07-28,12653.27,13023.731,12616.052,12418.076,13219.139,12856.128,11797.497,12623.481,13438.745,13616.573,13685.445,12594.811,14204.828,12953.121,14171.382,12329.232,13301.96,13889.987,12748.459,13109.931,13194.652,13175.397,12723.176,13299.708,13529.624,14023.73,13232.7,13171.979,13389.869,14081.846,13169.152
2023-07-29,12676.845,13055.452,12639.514,12437.289,13247.86,12879.465,11811.017,12650.435,13470.127,13648.625,13714.682,12620.856,14236.837,12981.908,14211.411,12352.915,13335.883,13926.768,12772.191,13140.2,13223.977,13206.288,12747.206,13333.302,13560.793,14064.655,13262.24,13203.079,13423.332,14122.754,13198.598
2023-07-30,12712.259,13101.105,12676.392,12466.394,13291.358,12916.133,11831.269,12690.959,13519.031,13698.188,13762.989,12658.886,14289.939,13024.888,14273.054,12386.524,13387.701,13983.63,12807.948,13183.885,13268.363,13251.134,12783.418,13382.034,13610.169,14127.231,13307.312,13250.577,13472.674,14184.405,13243.328
2023-07-31,12754.239,13153.238,12721.175,12501.013,13343.061,12961.3125,11855.56,12738.763,13578.075,13758.061,13823.956,12701.821,14357.235,13074.549,14347.031,12424.788,13448.798,14052.368,12850.511,13233.722,13320.924,13302.712,12826.165,13437.995,13670.788,14201.557,13361.749,13307.161,13531.003,14256.0,13296.511
2023-08-01,12827.33,13235.148,12799.471,12561.062,13432.714,13043.559,11895.364,12818.839,13680.478,13862.113,13943.11,12772.862,14488.882,13154.157,14474.338,12485.154,13547.874,14171.837,12923.016,13313.198,13410.822,13386.047,12897.827,13528.017,13776.32,14324.523,13453.127,13402.012,13630.119,14377.986,13387.246
2023-08-02,12828.156,13232.993,12801.763,12561.92,13433.986,13046.669,11895.383,12819.26,13683.126,13864.561,13950.791,12771.825,14497.669,13152.648,14476.748,12482.816,13548.227,14174.408,12923.696,13311.133,13411.854,13384.305,12898.208,13526.012,13779.772,14325.435,13454.392,13402.953,13629.852,14378.499,13388.302
2023-08-03,12792.08,13185.753,12765.754,12532.559,13390.096,13010.738,11874.758,12778.199,13635.108,13815.479,13905.497,12732.367,14448.307,13108.285,14415.335,12446.715,13496.538,14118.059,12887.471,13265.164,13367.096,13337.249,12861.55,13474.861,13731.908,14262.741,13409.281,13355.282,13578.393,14315.797,13343.282
2023-08-04,12730.443,13106.368,12702.343,12482.08,13314.621,12947.43,11839.493,12707.899,13550.911,13729.904,13822.999,12666.403,14357.895,13033.555,14308.731,12387.424,13407.2295,14019.861,12825.368,13188.685,13290.175,13258.738,12798.733,13389.526,13647.13,14154.527,13331.173,13273.021,13491.802,14208.893,13265.779
2023-08-05,12647.959,13004.249,12615.004,12414.179,13213.147,12859.063,11792.507,12614.511,13435.69,13613.117,13702.85,12581.361,14225.292,12936.859,14164.451,12312.569,13288.623,13885.878,12742.204,13091.047,13187.213,13157.784,12715.206,13279.975,13529.56,14010.1875,13225.783,13162.876,13377.797,14067.942,13161.83
2023-08-06,12546.823,12886.004,12506.962,12330.938,13088.859,12747.193,11736.198,12502.411,13294.068,13469.374,13544.453,12480.819,14049.53,12823.498,13988.468,12225.972,13148.5,13720.853,12641.041,12977.682,13062.204,13039.453,12614.82,13151.914,13384.047,13837.968,13098.386,13030.317,13239.94,13898.536,13035.573
2023-08-07,12481.597,12812.842,12437.192,12277.281,13008.753,12674.018,11700.409,12431.038,13202.923,13376.744,13438.838,12417.057,13931.836,12752.497,13875.734,12171.809,13060.327,13614.815,12576.13,12906.668,12982.117,12964.982,12550.844,13071.434,13290.19,13728.991,13016.922,12945.965,13151.753,13790.598,12954.742
2023-08-08,12463.858,12793.98,12418.26,12262.724,12987.014,12653.787,11691.03,12412.044,13178.292,13351.68,13408.697,12400.075,13898.181,12733.993,13845.415,12157.787,13037.311,13586.179,12558.7,12888.179,12960.5625,12945.475,12533.796,13050.4,13264.847,13700.267,12995.062,12923.556,13128.117,13761.513,12933.026
2023-08-09,12468.091,12796.51,12423.886,12266.362,12992.4375,12660.166,11693.054,12416.353,13185.344,13358.676,13420.247,12402.837,13911.34,12736.83,13853.441,12159.045,13042.548,13593.993,12562.836,12890.603,12965.786,12948.319,12537.667,13053.377,13272.706,13707.0625,13000.632,12928.948,13132.784,13767.899,12938.326
2023-08-10,12454.687,12778.952,12410.028,12255.334,12975.918,12646.517,11685.32,12400.886,13166.884,13340.011,13402.588,12388.21,13891.769,12720.704,13830.28,12146.099,13022.774,13573.011,12549.243,12873.7295,12948.933,12931.116,12523.854,13034.633,13254.225,13683.392,12983.502,12910.972,13114.206,13744.61,12921.412
2023-08-11,12444.082,12766.48,12397.802,12246.425,12962.596,12634.221,11679.246,12388.778,13150.979,13324.13,13384.646,12377.992,13871.612,12708.69,13810.947,12137.652,13006.938,13554.781,12538.417,12862.172,12935.46,12919.054,12512.986,13021.549,13237.562,13664.231,12969.444,12896.366,13100.255,13726.545,12907.734
2023-08-12,12428.109,12748.919,12380.842,12233.332,12943.066,12616.259,11670.281,12371.494,13128.9375,13301.579,13359.096,12362.372,13843.045,12691.053,13783.594,12124.1,12985.7705,13528.73,12522.477,12844.906,12916.067,12900.78,12497.428,13001.817,13214.694,13637.833,12949.778,12875.781,13078.2,13700.721,12888.035
2023-08-13,12408.908,12728.557,12360.732,12217.633,12919.617,12594.508,11660.336,12351.154,13102.725,13274.807,13326.54,12344.277,13806.647,12671.676,13751.309,12108.973,12961.6045,13498.396,12503.759,12824.976,12892.912,12879.791,12479.189,12979.199,13187.922,13607.546,12926.467,12852.034,13052.708,13669.478,12864.8125
2023-08-14,12433.178,12754.952,12386.733,12237.588,12949.412,12622.146,11673.6045,12377.39,13136.556,13309.282,13366.91,12367.379,13851.885,12697.328,13792.972,12128.637,12993.618,13537.737,12527.854,12850.658,12922.483,12906.88,12502.749,13008.44,13222.932,13647.393,12956.597,12883.082,13085.424,13708.89,12894.69
2023-08-15,12441.898,12763.519,12395.719,12244.67,12959.987,12632.099,11677.809,12386.3125,13148.215,13321.222,13382.403,12375.656,13869.139,12705.809,13807.326,12135.16,13003.884,13551.309,12536.149,12859.28,12932.827,12916.03,12510.767,13018.266,13234.727,13660.467,12966.834,12893.452,13096.822,13723.103,12905.027
2023-08-16,12408.363,12725.969,12360.598,12217.222,12918.994,12595.052,11659.636,12350.014,13102.327,13274.415,13329.217,12342.528,13809.823,12669.249,13750.393,12106.792,12959.631,13497.667,12502.998,12822.534,12892.019,12877.498,12478.175,12976.621,13187.853,13605.6045,12925.59,12850.7705,13051.249,13667.773,12863.887
2023-08-17,12409.499,12725.409,12362.344,12218.2,12920.427,12597.368,11660.072,12350.817,13104.337,13276.462,13333.985,12342.559,13815.291,12669.529,13752.552,12106.42,12960.356,13500.269,12504.024,12822.207,12893.232,12877.48,12478.942,12976.512,13190.355,13606.933,12926.913,12851.998,13052.391,13668.968,12865.196
2023-08-18,12396.348,12707.239,12349.209,12207.466,12904.351,12584.69,11652.317,12335.611,13086.79,13258.639,13318.751,12327.756,13798.548,12652.463,13730.192,12092.615,12940.827,13479.684,12490.659,12804.774,12876.789,12859.708,12465.309,12957.119,13173.022,13583.622,12910.297,12834.29,13033.54,13645.873,12848.615
2023-08-19,12363.489,12665.499,12315.333,12180.528,12864.052,12550.655,11633.371,12298.45,13041.9795,13213.088,13274.115,12292.524,13748.908,12613.242,13673.975,12061.287,12893.941,13427.689,12457.471,12764.645,12836.027,12818.366,12431.998,12912.155,13127.833,13526.887,12869.001,12790.801,12987.634,13590.071,12807.5
2023-08-20,12311.569,12603.622,12260.684,12137.82,12800.215,12494.64,11604.38,12240.752,12970.204,13140.269,13196.243,12239.49,13661.89,12554.229,13584.92,12015.345,12821.871,13344.706,12405.482,12704.875,12771.923,12756.331,12380.231,12844.866,13054.852,13438.99,12803.897,12723.029,12916.845,13502.81,12742.899
2023-08-21,12282.595,12567.675,12229.913,12113.918,12764.453,12463.683,11587.662,12207.983,12929.739,13099.324,13154.363,12208.834,13614.994,12520.132,13534.693,11988.891,12780.211,13297.8955,12376.116,12670.578,12735.829,12720.846,12350.819,12806.298,13013.59,13388.592,12767.07,12684.367,12876.986,13453.82,12706.397
2023-08-22,12241.442,12520.933,12185.907,12080.01,12713.775,12417.87,11564.825,12162.825,12872.318,13041.024,13088.845,12167.439,13541.341,12474.911,13464.006,11954.208,12724.25,13231.406,12334.979,12625.298,12685.288,12673.45,12310.239,12754.998,12954.57,13319.837,12715.663,12631.037,12821.428,13385.934,12655.335
2023-08-23,12227.786,12507.544,12170.646,12068.681,12696.856,12401.3955,11557.645,12148.335,12852.687,13021.134,13063.208,12155.082,13512.306,12461.563,13440.349,11944.58,12706.678,13208.857,12321.513,12612.223,12668.674,12658.91,12297.195,12739.977,12933.969,13297.819,12698.655,12613.753,12803.828,13364.054,12638.53
2023-08-24,12244.004,12528.421,12187.232,12081.973,12716.755,12417.9795,11566.9375,12166.688,12874.674,13043.457,13084.856,12172.6045,13536.458,12480.934,13467.888,11960.169,12729.803,13234.183,12337.87,12632.2295,12688.797,12679.632,12313.649,12762.337,12955.971,13325.667,12718.996,12635.114,12826.369,13391.704,12658.778
2023-08-25,12259.3,12546.984,12203.841,12094.667,12735.75,12434.675,11575.682,12184.026,12896.456,13065.39,13108.08,12188.308,13562.584,12498.559,13494.674,11973.557,12751.974,13259.08,12353.383,12649.922,12707.96,12698.12,12329.203,12782.2295,12978.294,13352.421,12738.652,12655.612,12846.998,13417.644,12678.134
2023-08-26,12273.7705,12562.896,12219.712,12106.644,12753.638,12451.235,11583.826,12199.897,12917.034,13086.251,13132.07,12202.769,13589.65,12514.414,13519.863,11985.369,12771.788,13283.091,12367.934,12665.372,12725.757,12714.6045,12343.49,12799.857,12999.744,13376.853,12756.879,12674.579,12866.49,13441.274,12696.226
2023-08-27,12289.251,12579.017,12236.084,12119.324,12772.568,12468.955,11592.024,12216.251,12938.261,13107.965,13158.481,12217.699,13619.349,12530.24,13545.927,11997.579,12791.281,13307.822,12383.119,12681.258,12744.375,12731.476,12358.215,12818.002,13021.625,13401.338,12775.661,12693.85,12887.187,13466.113,12715.012
2023-08-28,12283.87,12573.476,12229.717,12114.793,12765.805,12462.3,11588.894,12210.274,12930.087,13099.747,13148.449,12212.291,13607.925,12524.61,13536.122,11993.695,12783.632,13298.383,12377.607,12675.978,12737.652,12725.822,12352.833,12811.906,13012.824,13391.896,12768.64,12686.546,12880.134,13457.517,12708.115
2023-08-29,12277.371,12569.373,12222.046,12109.388,12757.762,12453.288,11585.879,12204.035,12920.49,13089.967,13132.676,12207.578,13589.967,12519.858,13524.908,11990.788,12776.687,13287.254,12371.442,12671.699,12730.054,12720.863,12347.183,12806.703,13002.371,13382.567,12760.844,12678.928,12872.329,13447.968,12700.409
2023-08-30,12309.156,12609.526,12254.67,12135.423,12796.704,12486.135,11604.076,12239.801,12963.607,13133.821,13175.928,12241.655,13638.164,12557.774,13578.955,12021.056,12821.637,13337.401,12403.464,12710.393,12769.365,12760.759,12379.2705,12850.079,13045.747,13436.973,12800.597,12720.729,12916.646,13501.884,12740.048
2023-08-31,12350.037,12659.518,12297.652,12169.067,12847.029,12529.79,11627.219,12285.649,13020.178,13191.181,13235.6045,12284.328,13704.884,12604.952,13649.246,12057.994,12879.293,13402.814,12444.604,12758.382,12820.05,12810.402,12420.386,12903.983,13103.202,13506.973,12852.114,12774.538,12972.661,13570.899,12791.155
2023-09-01,12390.651,12708.334,12340.5205,12202.48,12896.981,12573.519,11650.159,12330.9795,13076.451,13248.275,13295.837,12326.362,13772.152,12651.825,13719.181,12094.342,12936.231,13468.03,12485.418,12805.489,12870.284,12859.311,12461.072,12957.05,13160.565,13576.361,12903.214,12827.948,13028.377,13639.266,12841.888
2023-09-02,12422.844,12745.288,12375.331,12229.078,12936.73,12609.573,11668.165,12366.643,13121.93,13294.349,13347.368,12358.329,13829.906,12687.26,13775.1875,12121.325,12980.836,13520.517,12517.725,12841.017,12910.088,12896.433,12493.063,12997.245,13207.492,13631.075,12943.908,12870.178,13071.803,13692.689,12882.113
2023-09-03,12443.955,12766.978,12398.346,12246.479,12962.705,12634.221,11679.371,12389.184,13151.706,13324.595,13384.658,12377.995,13871.696,12709.069,13811.605,12137.407,13008.2705,13555.237,12538.522,12862.347,12935.768,12919.091,12513.34,13021.651,13238.434,13665.408,12970.055,12897.016,13099.728,13727.055,12908.0625
2023-09-04,12429.438,12749.154,12383.157,12234.551,12944.865,12618.855,11671.232,12372.8955,13131.691,13304.313,13363.678,12362.879,13848.386,12692.076,13786.633,12124.187,12987.743,13532.0205,12523.966,12845.161,12917.755,12901.338,12498.737,13002.371,13218.193,13640.488,12951.747,12877.9,13079.802,13702.249,12889.916
2023-09-05,12420.464,12737.273,12373.658,12227.136,12933.773,12609.552,11665.806,12362.458,13119.112,13291.591,13351.86,12353.317,13835.226,12680.928,13770.87,12115.422,12974.192,13517.431,12514.725,12833.897,12906.432,12889.767,12489.387,12989.765,13205.37,13624.249,12940.161,12865.568,13067.151,13686.875,12878.447
2023-09-06,12391.656,12704.287,12343.286,12203.49,12898.448,12577.866,11649.977,12330.92,13079.372,13251.157,13306.815,12324.6,13784.942,12649.063,13721.606,12090.76,12935.299,13471.189,12486.071,12801.836,12871.138,12856.262,12461.082,12953.509,13164.752,13576.339,12904.376,12828.449,13027.994,13639.035,12842.851
2023-09-07,12382.155,12691.995,12333.632,12195.721,12886.821,12568.205,11644.541,12320.164,13066.558,13238.122,13294.293,12314.31,13771.057,12637.639,13705.467,12081.54,12921.765,13456.35,12476.505,12790.039,12859.358,12844.152,12451.449,12940.333,13151.941,13559.996,12892.48,12815.934,13014.693,13622.7705,12830.999
2023-09-08,12368.408,12674.532,12319.389,12184.436,12869.936,12553.948,11636.666,12304.597,13047.726,13219.02,13275.447,12299.681,13750.103,12621.191,13681.881,12068.527,12902.052,13434.525,12462.631,12773.277,12842.263,12826.896,12437.493,12921.565,13132.966,13536.186,12875.13,12797.705,12995.6,13599.265,12813.768
2023-09-09,12351.966,12654.558,12301.905,12170.873,12849.655,12536.202,11627.291,12286.109,13024.749,13195.754,13251.081,12282.495,13722.855,12602.203,13653.384,12053.815,12878.687,13407.983,12446.035,12754.119,12821.826,12807.043,12420.911,12900.01,13109.502,13507.807,12854.292,12775.91,12973.089,13571.552,12793.122
2023-09-10,12334.33,12634.718,12282.906,12156.325,12827.92,12516.404,11617.541,12266.756,12999.982,13170.634,13222.53,12264.9795,13690.824,12582.906,13622.912,12039.174,12854.648,13379.275,12428.417,12734.901,12800.132,12786.9,12403.527,12878.218,13083.973,13478.228,12832.178,12752.994,12949.358,13542.395,12771.2
2023-09-11,12329.382,12630.03,12277.345,12152.224,12821.8,12510.334,11614.929,12261.547,12992.849,13163.387,13213.031,12260.455,13680.087,12578.135,13614.307,12035.76,12848.37,13371.005,12423.54,12730.294,12794.14,12781.933,12398.836,12872.89,13076.428,13470.29,12826.038,12746.743,12942.943,13534.578,12765.119
2023-09-12,12334.141,12636.774,12282.141,12156.124,12827.644,12514.911,11617.806,12267.134,12999.274,13169.899,13218.404,12265.976,13686.0205,12584.338,13622.474,12040.816,12855.615,13378.45,12428.429,12736.702,12800.142,12788.442,12403.838,12880.001,13082.796,13478.878,12832.119,12753.245,12949.774,13542.924,12771.174
2023-09-13,12343.305,12647.113,12292.291,12163.742,12839.033,12525.392,11622.913,12277.325,13012.494,13183.227,13233.708,12275.021,13703.253,12594.256,13638.605,12048.177,12868.469,13393.556,12437.649,12746.582,12811.546,12798.774,12412.979,12891.189,13096.5205,13494.594,12843.843,12765.357,12961.909,13558.162,12782.699
2023-09-14,12343.157,12645.075,12292.917,12163.72,12838.974,12526.475,11622.65,12276.834,13013.036,13183.708,13236.946,12273.864,13707.077,12592.927,13638.814,12046.438,12867.74,13394.192,12437.444,12744.707,12811.302,12797.11,12412.567,12889.301,13097.599,13494.044,12843.769,12765.072,12961.086,13557.305,12782.528
2023-09-15,12340.851,12641.45,12290.04,12161.7,12835.934,12524.024,11621.153,12273.746,13009.1875,13180.014,13233.799,12271.383,13703.503,12589.857,13634.19,12044.308,12863.218,13390.188,12434.917,12741.549,12808.051,12794.006,12409.829,12885.87,13093.635,13488.954,12840.255,12761.387,12958.162,13552.83,12779.267
2023-09-16,12339.771,12642.014,12287.69,12160.639,12834.365,12521.345,11620.516,12272.673,13006.449,13177.394,13228.336,12271.118,13697.11,12589.557,13631.392,12045.094,12861.613,13386.998,12433.7295,12742.093,12806.616,12794.254,12408.823,12886.211,13090.075,13486.756,12838.461,12759.626,12957.339,13551.616,12777.656
2023-09-17,12336.561,12642.055,12283.788,12158.012,12830.492,12515.964,11619.335,12270.306,13001.812,13172.505,13217.818,12269.46,13685.087,12588.596,13626.165,12044.882,12859.834,13381.425,12430.924,12741.655,12803.287,12793.195,12406.63,12885.262,13084.685,13483.502,12835.131,12756.579,12953.704,13547.974,12774.22
2023-09-18,12355.2705,12665.16,12304.165,12173.543,12853.713,12536.318,11630.354,12291.708,13028.55,13199.467,13245.438,12289.484,13716.073,12610.7705,13659.215,12061.727,12887.456,13412.201,12450.066,12763.664,12826.8,12816.001,12425.831,12910.05,13112.258,13516.832,12859.304,12782.035,12979.385,13579.63,12798.081
2023-09-19,12389.48,12701.446,12341.441,12201.781,12895.883,12575.925,11648.894,12328.622,13076.875,13248.544,13304.395,12322.057,13782.333,12646.523,13718.326,12088.462,12932.6875,13468.259,12484.013,12799.012,12868.581,12853.388,12459.021,12950.387,13162.476,13573.115,12901.922,12825.917,13024.882,13635.279,12840.331
2023-09-20,12382.575,12689.745,12334.888,12196.148,12887.426,12570.311,11644.362,12319.991,13067.8545,13239.416,13299.767,12313.218,13777.412,12636.116,13706.495,12079.625,12921.058,13457.795,12476.723,12788.043,12859.654,12842.473,12451.317,12938.375,13153.865,13559.721,12892.901,12815.99,13014.382,13622.484,12831.339
2023-09-21,12351.733,12653.469,12301.719,12170.667,12849.33,12536.299,11627.046,12285.584,13024.403,13195.458,13251.761,12281.93,13723.648,12601.508,13652.89,12053.157,12877.777,13407.7705,12445.715,12753.226,12821.386,12806.253,12420.46,12899.108,13109.28,13506.938,12853.818,12775.357,12972.693,13570.796,12792.706
2023-09-22,12321.055,12617.178,12269.817,12145.547,12811.79,12503.399,11609.843,12251.776,12982.576,13152.833,13206.492,12250.279,13673.131,12566.208,13600.73,12025.519,12835.8545,13358.666,12415.053,12717.86,12783.799,12769.4,12390.067,12859.159,13066.748,13455.526,12815.787,12735.566,12930.302,13519.641,12754.722
2023-09-23,12292.834,12582.783,12240.642,12122.402,12777.183,12473.522,11593.997,12220.363,12944.105,13113.69,13165.8125,12220.471,13627.684,12534.038,13552.791,11999.81,12796.831,13314.38,12386.789,12684.668,12749.034,12735.079,12361.904,12821.8955,13027.892,13408.002,12780.648,12698.909,12891.498,13472.311,12719.732
2023-09-24,12266.89,12550.092,12213.834,12101.117,12745.323,12446.631,11579.35,12191.179,12908.705,13077.816,13129.857,12193.614,13587.62,12503.146,13508.569,11975.458,12760.026,13273.382,12360.733,12653.268,12716.869,12702.74,12335.705,12786.722,12992.371,13363.549,12748.042,12664.776,12855.709,13427.893,12687.367
2023-09-25,12244.911,12520.519,12191.015,12083.014,12718.225,12424.402,11566.098,12165.671,12878.41,13047.16,13102.196,12168.447,13556.73,12475.601,13470.549,11953.423,12727.083,13238.358,12338.15,12625.169,12689.252,12673.959,12312.832,12755.317,12961.835,13324.218,12719.923,12634.83,12824.634,13390.1875,12659.404
2023-09-26,12181.291,12446.803,12123.889,12030.699,12640.0205,12354.859,11530.843,12095.751,12790.582,12957.931,13003.998,12104.181,13446.419,12404.764,13362.092,11898.411,12640.529,13136.736,12274.63,12553.708,12611.175,12598.831,12249.995,12674.578,12872.245,13218.214,12640.741,12552.633,12738.393,13284.636,12580.654
2023-09-27,12149.55,12406.807,12091.342,12004.695,12601.102,12322.102,11512.668,12060.127,12747.601,12914.249,12960.837,12070.117,13398.122,12366.984,13308.371,11868.171,12595.828,13086.9,12242.654,12515.132,12571.986,12558.777,12217.981,12631.291,12829.099,13164.175,12601.137,12510.999,12694.241,13230.995,12541.135
2023-09-28,12105.978,12353.064,12046.034,11968.871,12547.503,12276.289,11487.883,12011.314,12687.916,12853.72,12899.091,12024.074,13328.759,12316.219,13234.265,11827.923,12534.582,13018.197,12198.774,12463.281,12518.117,12504.293,12174.126,12573.057,12768.878,13090.098,12546.55,12453.879,12634.377,13157.652,12486.825
2023-09-29,12066.288,12305.301,12003.655,11936.067,12498.418,12233.271,11465.342,11966.914,12632.405,12797.604,12839.394,11983.199,13261.335,12270.8545,13165.977,11792.887,12478.6045,12954.478,12158.714,12417.584,12468.904,12455.954,12134.207,12521.557,12712.235,13022.309,12496.379,12401.568,12580.637,13091.207,12437.109
2023-09-30,12035.803,12271.424,11970.363,11910.824,12460.66,12198.657,11448.235,11933.466,12589.223,12753.863,12789.296,11952.705,13204.423,12237.651,13113.366,11767.898,12436.93,12904.622,12128.055,12384.818,12431.416,12420.575,12104.069,12484.274,12667.438,12971.199,12458.064,12361.817,12539.894,13041.448,12399.083
2023-10-01,12014.579,12250.299,11947.484,11893.363,12434.58,12173.7705,11437.017,11911.242,12559.785,12723.78,12751.452,11932.762,13161.388,12216.482,13077.657,11751.927,12410.497,12870.4,12107.203,12363.913,12405.965,12395.479,12083.986,12460.254,12636.806,12937.944,12432.306,12335.489,12511.94,13007.904,12373.255
2023-10-02,12027.508,12266.01,11961.615,11904.104,12450.663,12187.894,11444.635,11925.932,12578.245,12742.373,12770.818,11946.507,13183.398,12231.611,13100.265,11763.421,12429.366,12891.619,12120.443,12378.896,12422.137,12410.322,12097.199,12477.177,12655.852,12960.659,12448.916,12352.949,12529.515,13029.504,12389.652
2023-10-03,12049.023,12288.338,11985.15,11921.899,12477.262,12213.014,11456.288,11948.951,12608.595,12773.224,12808.495,11967.107,13226.281,12253.702,13137.03,11779.93,12457.385,12926.65,12141.813,12400.691,12448.276,12435.405,12117.975,12502.122,12687.477,12995.499,12475.551,12380.302,12557.849,13063.989,12416.177
2023-10-04,12035.663,12268.918,11972.233,11911.038,12460.97,12200.81,11448.182,11933.361,12591.182,12755.535,12795.038,11951.188,13211.426,12235.849,13114.742,11764.912,12437.355,12906.41,12128.135,12382.093,12431.588,12417.732,12103.978,12481.473,12670.613,12971.868,12458.808,12362.303,12538.394,13040.619,12399.413
2023-10-05,11996.068,12220.142,11930.916,11878.432,12412.172,12159.09,11425.619,11888.996,12536.804,12700.449,12738.656,11909.362,13147.799,12189.887,13047.477,11728.536,12381.643,12844.088,12088.204,12335.104,12382.612,12368.368,12064.085,12428.684,12615.736,12904.633,12409.154,12310.395,12484.239,12974.142,12350.05
2023-10-06,11955.035,12170.273,11887.699,11844.623,12361.551,12115.318,11402.24,11843.199,12480.138,12643.072,12678.8125,11866.638,13080.094,12142.38,12977.609,11691.389,12324.105,12778.832,12046.811,12287.172,12331.928,12317.849,12022.851,12374.672,12558.254,12835.05,12357.669,12256.573,12428.288,12905.562,12298.857
2023-10-07,11922.736,12133.591,11852.51,11817.819,12321.466,12078.98,11384.012,11807.542,12434.405,12596.812,12626.6455,11833.865,13020.595,12107.123,12922.008,11664.571,12279.554,12726.533,12014.232,12251.931,12292.094,12280.124,11990.733,12334.698,12510.98,12780.731,12316.978,12214.367,12385.233,12852.725,12258.519
2023-10-08,11899.449,12110.257,11827.19,11798.616,12292.75,12051.603,11371.616,11782.17,12401.883,12563.667,12585.241,11812.291,12973.324,12083.471,12882.7,11646.981,12250.07,12688.731,11991.258,12228.85,12264.056,12252.53,11968.533,12308.181,12477.11,12743.862,12288.503,12185.227,12354.681,12815.693,12230.02
2023-10-09,11914.512,12128.795,11843.231,11811.071,12311.416,12067.619,11380.266,11799.32,12422.919,12584.865,12607.035,11827.868,12998.052,12101.2295,12908.545,11660.684,12271.714,12712.849,12006.533,12246.65,12282.806,12271.184,11983.837,12328.207,12498.446,12769.836,12307.634,12205.237,12375.106,12841.155,12248.954
2023-10-10,11927.247,12143.4375,11857.221,11821.65,12327.242,12081.948,11387.673,11813.186,12441.075,12603.229,12627.292,11841.229,13021.226,12115.418,12930.626,11671.455,12289.594,12733.7295,12019.505,12260.678,12298.557,12285.336,11996.613,12344.157,12517.345,12791.595,12323.772,12222.117,12392.273,12861.865,12264.944
2023-10-11,11962.274,12183.942,11892.996,11850.244,12370.027,12119.44,11406.913,11852.044,12487.877,12651.082,12679.321,11876.911,13079.98,12154.586,12988.601,11702.758,12335.542,12788.27,12054.233,12300.442,12340.932,12329.755,12030.789,12389.145,12564.514,12848.046,12366.305,12266.326,12440.214,12919.292,12307.761
2023-10-12,11973.667,12202.079,11903.466,11859.509,12383.888,12128.927,11413.815,11865.676,12502.338,12665.738,12688.597,11891.075,13090.026,12170.147,13007.344,11716.422,12353.12,12804.646,12065.903,12317.55,12355.337,12346.165,12042.946,12407.872,12577.967,12868.374,12380.618,12281.657,12456.856,12939.824,12322.051
2023-10-13,12002.91,12240.676,11933.937,11883.633,12420.035,12158.563,11431.001,11899.319,12542.703,12706.4,12726.667,11922.967,13132.878,12206.328,13057.529,11745.011,12396.519,12850.777,12095.764,12354.378,12392.04,12383.204,12073.193,12449.006,12618.379,12919.933,12417.979,12321.056,12497.3,12990.231,12359.011
2023-10-14,12039.144,12282.4795,11974.018,11913.802,12465.163,12199.476,11451.875,11939.503,12594.802,12758.932,12784.958,11960.122,13199.327,12246.608,13120.848,11775.251,12447.945,12910.302,12132.623,12394.277,12437.101,12424.272,12109.668,12494.261,12672.538,12982.374,12464.28,12369.306,12545.741,13049.862,12404.694
2023-10-15,12083.908,12327.568,12022.913,11950.728,12520.376,12252.328,11475.68,11987.116,12657.651,12822.953,12865.368,12001.659,13290.743,12291.741,13196.941,11808.706,12504.755,12983.339,12176.763,12438.378,12491.096,12476.825,12152.354,12544.944,12738.134,13053.618,12519.207,12425.524,12604.5,13121.134,12459.565
2023-10-16,12054.754,12289.787,11992.203,11926.666,12484.318,12222.064,11458.627,11953.787,12617.146,12782.105,12825.614,11970.425,13245.992,12256.332,13146.703,11780.989,12461.995,12936.756,12147.055,12402.622,12454.62,12440.741,12122.398,12504.859,12697.244,13002.463,12482.009,12386.334,12564.288,13071.332,12422.74
2023-10-17,12008.729,12236.091,11942.98,11888.662,12427.472,12171.467,11432.503,11902.828,12552.901,12716.97,12754.677,11922.773,13165.598,12204.695,13067.858,11741.081,12398.325,12862.697,12100.66,12350.846,12397.922,12386.08,12076.521,12446.257,12631.3125,12924.884,12424.298,12326.166,12501.946,12995.508,12365.355
2023-10-18,11964.469,12188.031,11895.663,11852.185,12372.946,12121.455,11408.48,11855.175,12491.516,12654.533,12681.405,11879.741,13082.393,12157.818,12992.995,11705.194,12340.243,12791.895,12056.725,12303.933,12344.108,12332.321,12033.552,12392.896,12568.169,12853.181,12369.737,12270.004,12443.094,12923.681,12310.917
2023-10-19,11967.338,12190.2705,11899.539,11854.697,12376.688,12125.62,11410.011,11858.302,12496.374,12659.329,12688.59,11881.936,13090.762,12160.079,12998.482,11706.331,12344.27,12797.173,12059.651,12305.951,12347.756,12334.879,12036.36,12395.28,12573.602,12858.173,12373.659,12273.887,12446.298,12928.145,12314.647
2023-10-20,11958.895,12177.524,11891.612,11847.834,12366.406,12118.2295,11404.968,11848.395,12485.56,12648.36,12680.709,11871.771,13082.112,12148.879,12984.592,11696.638,12331.608,12784.921,12051.053,12293.843,12337.18,12323.049,12027.488,12381.941,12563.38,12843.364,12363.12,12262.631,12434.08,12913.188,12304.111
2023-10-21,11926.797,12134.816,11859.496,11821.623,12327.094,12086.721,11386.256,11811.029,12442.849,12605.035,12641.474,11836.245,13038.164,12108.892,12930.931,11662.71,12285.495,12735.532,12018.562,12252.682,12297.445,12280.528,11994.674,12335.934,12521.278,12788.312,12323.109,12220.277,12388.874,12858.267,12264.037
2023-10-22,11871.708,12065.674,11802.223,11776.242,12259.128,12029.516,11354.381,11749.342,12367.329,12528.639,12565.764,11776.696,12952.443,12043.788,12837.512,11611.026,12206.972,12649.228,11962.721,12185.953,12229.136,12212.334,11938.7295,12261.046,12445.35,12694.084,12253.857,12147.587,12313.167,12765.618,12195.239
2023-10-23,11795.196,11974.343,11721.381,11713.137,12164.641,11946.953,11311.118,11664.091,12261.638,12421.587,12451.34,11698.006,12822.245,11956.845,12707.918,11543.405,12101.169,12527.918,11885.694,12098.244,12134.977,12118.65,11862.324,12162.017,12337.947,12565.942,12158.295,12048.044,12209.711,12638.897,12100.122
2023-10-24,11740.83,11910.469,11663.59,11668.233,12097.423,11887.745,11280.143,11603.673,12186.259,12345.184,12368.953,11641.404,12728.078,11895.629,12615.782,11495.792,12026.233,12441.446,11830.814,12036.616,12068.164,12053.752,11808.092,12092.276,12260.937,12475.053,12090.442,11977.302,12136.247,12549.739,12032.544
2023-10-25,11692.08,11857.264,11611.333,11627.947,12037.165,11832.674,11253.455,11548.562,12118.604,12276.431,12288.695,11593.723,12636.032,11843.938,12533.795,11456.648,11962.053,12363.922,11782.225,11984.81,12008.895,11994.8955,11760.586,12033.351,12191.354,12396.253,12030.342,11915.428,12071.785,12471.067,11972.513
2023-10-26,11700.382,11868.292,11619.686,11634.76,12047.372,11840.887,11258.283,11557.999,12129.719,12287.678,12299.064,11602.951,12647.7705,11854.022,12547.632,11464.957,11973.952,12376.526,11790.641,11995.361,12019.188,12005.675,11769.072,12045.128,12202.296,12410.39,12040.7,11926.327,12083.294,12485.157,11982.84
2023-10-27,11704.897,11873.341,11625.18,11638.632,12053.167,11846.353,11260.904,11562.863,12136.776,12294.651,12307.344,11607.174,12657.422,11858.83,12555.918,11467.187,11980.836,12384.276,11795.327,12000.008,12024.98,12010.112,11773.746,12050.392,12209.808,12418.586,12046.807,11932.598,12088.9,12492.697,11988.657
2023-10-28,11703.772,11869.634,11625.001,11637.814,12051.924,11846.747,11260.146,11561.062,12136.101,12293.971,12309.906,11604.93,12660.664,11856.215,12554.539,11463.926,11978.6,12383.727,11794.183,11996.55,12023.468,12006.698,11772.292,12046.796,12209.963,12416.371,12045.49,11931.052,12086.768,12489.926,11987.275
2023-10-29,11697.394,11858.629,11618.73,11632.562,12044.0,11841.682,11255.906,11553.919,12127.453,12285.453,12305.657,11596.726,12656.0205,11846.413,12543.474,11455.995,11967.375,12374.06,11787.371,11986.3,12015.075,11998.123,11765.029,12035.559,12201.844,12403.753,12036.929,11921.681,12077.386,12477.936,11978.949
2023-10-30,11666.952,11821.951,11586.387,11607.393,12006.298,11808.9795,11238.298,11520.269,12085.2,12242.713,12260.919,11564.4795,12604.738,11811.404,12491.825,11428.811,11924.662,12325.714,11756.468,11951.039,11977.51,11961.925,11734.372,11995.717,12158.791,12352.285,11998.734,11881.707,12036.096,12427.76,11940.98
2023-10-31,11627.597,11778.121,11544.466,11574.895,11957.665,11765.1,11216.52,11476.149,12030.771,12187.471,12197.865,11525.242,12532.306,11768.964,12425.8545,11396.11,11872.467,12263.413,11717.125,11908.4,11929.626,11914.507,11695.827,11947.277,12103.075,12288.431,11950.23,11831.596,11983.727,12364.151,11892.497
2023-11-01,11626.688,11778.716,11542.893,11574.055,11956.432,11762.997,11216.265,11475.047,12028.54,12185.666,12193.319,11525.344,12526.8955,11769.24,12424.097,11397.361,11871.911,12261.479,11716.311,11908.944,11928.616,11913.761,11695.218,11947.739,12100.799,12287.411,11949.092,11830.67,11983.145,12363.204,11891.394
2023-11-02,11645.783,11803.49,11562.038,11589.682,11979.853,11782.034,11227.307,11496.584,12054.027,12211.433,12217.6,11546.374,12554.437,11792.29,12455.684,11416.559,11898.74,12290.536,11735.599,11932.85,11952.121,11938.612,11714.558,11974.516,12125.843,12319.442,11972.69,11855.503,12009.678,12395.29,11915.037
2023-11-03,11683.215,11852.004,11599.752,11620.331,12025.794,11819.456,11249.001,11538.793,12104.093,12262.118,12265.3955,11587.413,12608.63,11837.689,12517.847,11453.626,11951.611,12347.866,11773.461,11979.671,11998.272,11986.977,11752.533,12026.973,12175.262,12382.549,12019.092,11904.365,12061.696,12458.314,11961.461
2023-11-04,11739.859,11923.711,11658.301,11666.976,12095.666,11877.871,11281.777,11602.646,12181.371,12340.225,12342.387,11648.602,12696.302,11904.79,12613.118,11507.443,12031.939,12436.071,11830.884,12048.51,12068.349,12058.105,11809.984,12104.229,12252.591,12478.684,12089.963,11978.709,12139.404,12553.252,12032.058
2023-11-05,11813.617,12012.645,11736.078,11727.842,12186.831,11956.75,11323.857,11685.691,12283.363,12443.249,12450.471,11725.692,12819.621,11989.482,12737.927,11573.881,12134.802,12552.486,11905.374,12134.181,12159.263,12148.56,11884.019,12200.844,12355.844,12602.851,12182.246,12075.054,12239.408,12675.636,12123.919
2023-11-06,11881.14,12091.276,11807.975,11783.594,12270.295,12030.678,11362.03,11761.304,12377.051,12538.234,12554.075,11794.936,12937.824,12065.025,12852.47,11632.565,12227.447,12660.099,11973.35,12210.118,12242.165,12229.75,11951.183,12286.808,12451.669,12715.537,12266.492,12162.757,12330.483,12786.526,12207.829
2023-11-07,11932.127,12147.689,11862.472,11825.656,12333.227,12087.938,11390.048,11818.823,12447.76,12610.098,12636.862,11845.312,13032.15,12119.787,12938.641,11674.698,12295.104,12741.483,12024.173,12264.993,12304.279,12291.367,12001.037,12349.165,12524.31,12798.72,12329.529,12227.871,12398.497,12869.401,12270.772
2023-11-08,11935.535,12150.672,11866.13,11828.447,12337.3955,12092.106,11391.731,11822.462,12452.418,12614.894,12643.476,11848.22,13039.692,12122.895,12944.248,11677.007,12298.972,12746.937,12027.445,12268.031,12308.274,12295.514,12004.131,12352.695,12529.18,12803.718,12333.546,12231.903,12402.886,12874.646,12274.841
2023-11-09,11931.314,12146.606,11861.139,11824.888,12332.076,12086.8,11389.427,11817.896,12446.057,12608.503,12635.126,11844.429,13030.071,12118.801,12936.741,11674.235,12293.267,12739.73,12023.197,12264.142,12303.06,12291.017,12000.011,12348.207,12522.364,12796.655,12328.12,12226.382,12397.589,12867.933,12269.528
2023-11-10,11939.747,12159.14,11868.951,11831.698,12342.284,12094.149,11394.457,11827.559,12456.696,12619.349,12642.898,11854.509,13038.564,12130.134,12950.491,11684.001,12305.688,12752.05,12031.756,12276.194,12313.533,12302.838,12008.794,12361.529,12532.409,12811.257,12338.514,12237.524,12409.933,12882.767,12279.98
2023-11-11,11955.369,12179.566,11885.476,11844.657,12361.684,12110.297,11403.622,11845.391,12478.552,12641.318,12664.089,11871.432,13062.555,12148.917,12977.458,11698.816,12328.902,12776.725,12047.735,12295.514,12333.197,12322.263,12024.956,12383.104,12554.414,12838.817,12358.583,12258.593,12431.252,12909.527,12299.761
2023-11-12,11980.586,12209.241,11912.418,11865.465,12392.843,12137.786,11418.007,11873.562,12513.697,12676.909,12702.288,11897.463,13105.914,12177.797,13020.601,11721.03,12364.0625,12817.403,12073.199,12324.211,12364.289,12352.475,12050.195,12415.585,12590.407,12881.526,12390.258,12291.697,12465.505,12951.304,12331.258
2023-11-13,12008.453,12240.745,11941.937,11888.408,12427.147,12168.708,11433.492,11904.027,12552.131,12716.033,12746.293,11925.811,13155.856,12208.102,13067.714,11744.671,12401.266,12861.749,12101.038,12354.787,12398.267,12385.915,12077.532,12450.276,12629.813,12927.24,12424.676,12327.398,12503.102,12996.641,12365.641
2023-11-14,12024.338,12258.685,11958.366,11901.418,12446.608,12185.969,11441.98,11921.127,12573.592,12737.905,12771.066,11941.201,13183.801,12225.343,13094.152,11758.237,12421.985,12886.514,12116.6875,12372.359,12417.526,12406.519,12092.95,12470.131,12651.473,12952.732,12444.063,12347.347,12524.419,13022.852,12385.045
2023-11-15,12026.92,12266.842,11959.217,11903.306,12449.467,12185.45,11444.237,11925.052,12575.46,12739.907,12765.243,11946.957,13176.645,12232.211,13097.761,11765.18,12427.593,12889.069,12119.612,12380.11,12420.991,12411.711,12096.424,12478.386,12652.088,12958.556,12447.217,12351.431,12529.916,13028.768,12388.392
2023-11-16,12078.865,12333.266,12012.229,11945.908,12513.213,12238.545,11474.027,11983.579,12645.634,12811.176,12834.628,12003.075,13254.526,12294.111,13185.359,11815.127,12501.095,12970.076,12172.017,12443.949,12485.249,12477.996,12148.99,12549.834,12722.215,13046.969,12512.06,12419.509,12601.972,13116.721,12453.063
2023-11-17,12146.01,12417.56,12082.181,12001.152,12595.902,12308.654,11512.548,12059.332,12737.86,12904.599,12928.127,12074.535,13359.602,12373.63,13299.945,11877.94,12596.838,13076.349,12239.889,12524.894,12568.592,12562.095,12217.029,12640.619,12815.239,13162.301,12596.631,12508.1875,12694.418,13230.453,12537.104
2023-11-18,12232.51,12523.083,12173.006,12072.335,12702.376,12400.83,11561.936,12156.135,12857.166,13025.665,13053.3545,12165.573,13500.318,12474.143,13447.942,11956.754,12718.488,13214.271,12327.131,12626.502,12675.544,12668.049,12304.006,12754.995,12936.519,13309.899,12705.253,12621.965,12813.32,13375.509,12645.152
2023-11-19,12334.955,12642.741,12281.503,12156.6455,12828.461,12512.847,11619.01,12269.226,12999.134,13169.814,13210.96,12269.58,13677.226,12588.711,13623.37,12045.603,12859.076,13378.489,12429.622,12742.098,12801.579,12793.33,12405.626,12885.52,13081.576,13482.011,12833.327,12755.144,12952.446,13546.005,12772.5205
2023-11-20,12389.995,12707.239,12339.981,12201.963,12896.21,12573.049,11649.729,12330.201,13075.706,13247.491,13295.577,12325.457,13771.908,12650.743,13718.143,12093.396,12935.228,13467.076,12484.738,12804.403,12869.478,12858.213,12460.37,12955.846,13159.886,13575.18,12902.431,12827.057,13027.288,13638.079,12841.069
2023-11-21,12421.54,12743.998,12373.722,12227.966,12935.065,12607.868,11667.465,12365.186,13119.852,13292.287,13344.602,12357.208,13826.754,12686.136,13772.751,12120.584,12978.9795,13518.273,12516.406,12839.8545,12908.428,12895.206,12491.768,12995.924,13205.259,13628.802,12942.143,12868.431,13070.246,13690.583,12880.441
2023-11-22,12448.77,12773.929,12402.843,12250.357,12968.514,12638.594,11682.209,12394.717,13157.788,13330.8545,13389.497,12383.637,13876.959,12715.306,13819.509,12142.792,13015.192,13562.353,12543.383,12869.009,12941.707,12925.845,12518.287,13029.022,13244.304,13673.695,12975.951,12903.328,13106.812,13735.433,12914.021
2023-11-23,12448.256,12773.822,12401.954,12249.88,12967.802,12637.6,11681.963,12394.175,13156.701,13329.8125,13387.513,12383.469,13874.664,12715.13,13818.354,12142.922,13014.461,13561.214,12542.858,12868.948,12941.023,12925.72,12517.8,13028.905,13243.011,13672.754,12975.163,12902.593,13106.394,13734.692,12913.318
2023-11-24,12453.103,12780.822,12406.589,12253.81,12973.6875,12642.057,11684.81,12399.801,13162.965,13336.216,13392.575,12389.137,13880.178,12721.426,13826.4375,12148.238,13021.6,13568.48,12547.766,12875.632,12947.067,12932.478,12522.824,13036.284,13249.081,13681.248,12981.206,12909.03,13113.425,13743.247,12919.374
2023-11-25,12465.15,12796.71,12418.897,12263.682,12988.457,12654.217,11691.784,12413.59,13179.325,13352.827,13408.099,12402.237,13897.33,12736.265,13847.092,12160.111,13039.162,13587.5205,12559.959,12890.849,12962.106,12948.063,12535.168,13053.25,13265.453,13702.361,12996.443,12925.117,13130.366,13764.1045,12934.521
2023-11-26,12483.297,12819.083,12438.121,12278.635,13010.813,12673.648,11702.162,12434.096,13204.6455,13378.478,13434.517,12420.957,13926.735,12757.452,13878.632,12176.568,13065.164,13616.837,12578.29,12912.271,12984.716,12970.22,12553.537,13077.309,13291.277,13733.923,13019.499,12949.2705,13155.343,13794.902,12957.346
2023-11-27,12505.023,12843.8545,12461.481,12296.545,13037.569,12697.912,11714.201,12458.061,13235.168,13409.435,13469.272,12442.35,13965.515,12781.479,13916.357,12194.816,13095.045,13652.251,12600.002,12936.229,13011.516,12995.279,12575.033,13104.425,13322.711,13770.685,13046.839,12977.653,13184.736,13831.091,12984.418
2023-11-28,12513.744,12852.895,12471.09,12303.749,13048.322,12708.179,11718.91,12467.451,13247.609,13422.061,13484.742,12450.42,13982.84,12790.458,13931.569,12201.431,13106.556,13666.712,12608.648,12945.039,13022.178,13004.638,12583.465,13114.508,13335.716,13785.071,13057.742,12988.861,13196.294,13845.232,12995.204
2023-11-29,12513.903,12852.145,12471.257,12303.852,13048.462,12708.709,11718.779,12467.282,13247.733,13422.241,13486.215,12450.169,13984.505,12789.992,13931.64,12200.995,13105.976,13666.958,12608.655,12944.48,13022.178,13004.192,12583.327,13113.978,13335.911,13784.64,13057.688,12988.676,13196.337,13845.131,12995.2
2023-11-30,12513.459,12853.592,12469.592,12303.309,13047.657,12706.633,11718.704,12466.973,13245.842,13420.522,13481.13,12451.046,13978.566,12790.974,13929.973,12202.702,13105.471,13665.113,12608.206,12945.963,13021.516,13005.473,12583.037,13115.436,13333.329,13783.789,13056.701,12987.946,13196.704,13844.908,12994.477
2023-12-01,12527.958,12874.441,12483.759,12315.122,13065.342,12720.221,11727.24,12483.916,13264.952,13439.986,13496.897,12467.841,13995.77,12809.716,13954.513,12218.306,13127.163,13687.445,12622.939,12965.774,13039.723,13025.507,12598.152,13137.296,13352.01,13809.561,13075.008,13007.407,13217.564,13870.616,13012.739
2023-12-02,12567.139,12925.618,12523.743,12347.192,13113.274,12759.969,11749.868,12528.595,13318.048,13494.016,13547.853,12510.308,14051.91,12857.878,14021.712,12256.746,13183.896,13749.513,12662.527,13014.935,13088.523,13075.97,12638.132,13192.168,13405.304,13878.045,13124.411,13059.587,13272.843,13938.281,13061.934
2023-12-03,12630.918,13004.448,12590.723,12399.623,13191.622,12827.924,11786.124,12600.52,13406.403,13583.738,13639.949,12576.194,14153.901,12932.317,14132.314,12314.938,13274.703,13852.352,12726.747,13090.525,13167.834,13154.122,12702.481,13276.964,13495.257,13988.576,13205.405,13144.118,13361.063,14046.754,13141.952
2023-12-04,12706.682,13093.6875,12671.224,12461.922,13284.685,12910.878,11828.278,12684.781,13512.071,13691.005,13756.426,12652.486,14282.853,13018.136,14264.023,12380.786,13380.231,13975.303,12802.49,13176.657,13261.585,13243.769,12777.921,13374.042,13603.484,14118.138,13300.811,13243.611,13464.712,14174.651,13236.577
2023-12-05,12753.231,13148.45,12720.939,12500.227,13341.884,12962.173,11854.385,12736.672,13577.326,13757.267,13828.376,12698.753,14362.411,13070.804,14345.402,12421.119,13445.364,14051.356,12849.146,13229.416,13319.27,13298.748,12824.351,13433.562,13670.607,14198.198,13360.022,13305.027,13528.5625,14252.975,13294.866
2023-12-06,12802.712,13205.276,12773.003,12540.742,13402.365,13016.6455,11881.418,12790.968,13645.615,13826.831,13905.789,12747.921,14447.758,13125.778,14430.799,12463.519,13512.386,14131.366,12898.206,13284.655,13380.004,13356.47,12872.929,13495.96,13740.507,14281.217,13421.405,13369.026,13596.359,14335.93,13356.119
2023-12-07,12823.142,13232.576,12793.323,12557.37,13427.197,13036.894,11893.121,12814.269,13672.749,13854.597,13931.143,12770.355,14475.357,13151.009,14465.566,12484.095,13541.734,14163.464,12918.739,13310.849,13405.376,13383.264,12893.712,13525.068,13767.535,14316.767,13446.941,13396.017,13625.557,14371.487,13381.644
2023-12-08,12853.908,13272.225,12825.4,12582.651,13464.963,13068.929,11910.722,12849.509,13715.32,13897.8,13973.415,12803.106,14521.649,13188.078,14519.35,12513.147,13586.739,14213.145,12949.797,13348.686,13443.963,13422.118,12925.153,13567.258,13810.648,14371.279,13486.255,13437.324,13668.524,14424.997,13420.537
2023-12-09,12901.222,13330.721,12874.989,12621.467,13522.903,13119.324,11937.597,12902.929,13780.794,13964.425,14041.431,12851.956,14596.18,13244.007,14601.963,12556.588,13654.316,14289.926,12997.359,13404.981,13502.84,13480.39,12972.877,13630.412,13877.4795,14453.921,13546.49,13500.291,13734.612,14506.017,13480.015
2023-12-10,12964.391,13405.495,12941.842,12673.305,13600.277,13188.489,11972.645,12973.305,13868.784,14053.912,14138.326,12915.195,14702.485,13315.434,14712.372,12611.6045,13742.34,14393.004,13060.385,13477.033,13581.083,13555.348,13035.706,13711.507,13967.694,14562.427,13626.28,13583.411,13821.587,14613.087,13558.959
2023-12-11,13008.963,13458.078,12989.092,12709.88,13654.866,13237.319,11997.234,13022.96,13930.971,14117.096,14207.018,12960.067,14777.665,13366.03,14790.461,12650.276,13804.5625,14465.804,13104.785,13527.813,13636.3,13608.174,13080.029,13768.648,14031.411,14639.141,13682.373,13642.159,13882.862,14689.056,13614.703
2023-12-12,13031.32,13485.718,13012.841,12728.273,13682.3125,13261.447,12010.034,13048.366,13962.339,14148.976,14239.732,12982.806,14813.401,13392.356,14830.028,12670.549,13836.924,14502.585,13127.344,13554.273,13664.304,13635.574,13102.697,13798.333,14063.643,14678.739,13711.315,13672.198,13914.067,14727.374,13642.995
2023-12-13,13066.8955,13526.004,13050.865,12757.458,13725.854,13301.351,12029.369,13087.533,14012.228,14199.684,14297.322,13017.57,14876.427,13431.429,14892.474,12700.128,13885.548,14561.059,13162.595,13593.322,13708.081,13676.452,13137.6455,13842.469,14115.039,14739.176,13755.922,13718.698,13962.588,14787.33,13687.283
2023-12-14,13072.08,13531.839,13056.574,12761.741,13732.245,13307.3,12032.224,13093.309,14019.712,14207.247,14306.011,13022.558,14885.947,13437.1045,14901.774,12704.303,13892.84,14569.754,13167.771,13598.931,13714.54,13682.33,13142.798,13848.817,14122.82,14748.198,13762.589,13725.603,13969.579,14796.093,13693.821
2023-12-15,13073.404,13532.698,13058.237,12762.853,13733.897,13309.213,12032.874,13094.634,14021.814,14209.354,14309.363,13023.455,14889.67,13438.131,14904.261,12704.851,13894.426,14572.158,13169.052,13599.78,13716.134,13683.326,13143.989,13849.868,14125.137,14750.302,13764.287,13727.287,13971.18,14798.087,13695.459
2023-12-16,13070.364,13528.367,13055.132,12760.353,13730.163,13306.253,12031.055,13091.017,14017.6455,14205.116,14305.845,13020.03,14885.879,13434.136,14898.8955,12701.668,13889.679,14567.265,13165.935,13595.672,13712.244,13679.163,13140.768,13845.334,14120.956,14744.637,13760.305,13723.074,13966.799,14792.602,13691.545
2023-12-17,13060.855,13516.552,13045.213,12752.568,13718.548,13296.133,12025.683,13080.292,14004.53,14191.751,14292.192,13010.235,14871.021,13422.908,14882.265,12692.924,13876.148,14551.804,13156.403,13584.347,13700.423,13667.44,13131.201,13832.638,14107.571,14728.025,13748.223,13710.4375,13953.454,14776.269,13679.602
2023-12-18,13046.898,13499.649,13030.685,12741.151,13701.517,13281.182,12017.916,13064.671,13985.333,14172.178,14271.705,12995.9375,14848.702,13406.771,14857.97,12680.332,13856.604,14529.179,13142.486,13567.977,13683.155,13650.474,13117.275,13814.276,14088.005,14703.961,13730.673,13692.062,13934.003,14752.389,13662.172
2023-12-19,13033.369,13482.659,13016.696,12730.085,13684.997,13267.005,12010.293,13049.357,13966.792,14153.284,14252.779,12981.771,14828.117,13390.674,14834.417,12667.695,13837.268,14507.343,13128.935,13551.596,13666.327,13633.584,13103.624,13795.97,14069.2,14680.316,13713.586,13674.093,13915.013,14728.974,13645.196
2023-12-20,13023.121,13470.401,13005.374,12721.578,13672.294,13255.495,12004.491,13037.654,13951.876,14138.26,14236.468,12971.585,14810.2295,13379.031,14815.851,12659.06,13822.1875,14490.11,13118.575,13539.948,13653.363,13621.507,13093.188,13782.888,14053.744,14661.908,13700.118,13660.151,13901.126,14711.344,13632.097
2023-12-21,13012.597,13459.251,12993.737,12712.907,13659.366,13243.1045,11998.792,13026.222,13936.745,14122.918,14217.8955,12961.879,14789.824,13367.823,14797.103,12650.973,13807.99,14472.449,13108.15,13529.177,13640.438,13610.06,13082.961,13770.56,14037.894,14644.097,13686.784,13646.371,13886.969,14693.951,13618.966
2023-12-22,13008.681,13455.668,12989.679,12709.748,13654.667,13238.424,11996.834,13022.286,13931.494,14117.484,14210.62,12958.483,14781.817,13364.217,14790.566,12648.142,13803.592,14466.124,13104.413,13525.549,13635.893,13606.112,13079.446,13766.348,14032.431,14638.297,13682.195,13641.703,13881.672,14687.907,13614.349
2023-12-23,13013.692,13461.669,12995.197,12713.8955,13660.854,13244.058,11999.8125,13028.0,13938.733,14124.834,14218.323,12963.302,14790.2705,13370.136,14799.641,12652.562,13810.963,14474.612,13109.537,13531.291,13642.219,13612.126,13084.559,13772.856,14040.033,14647.355,13688.953,13648.564,13888.708,14696.303,13620.7705
2023-12-24,13028.911,13477.885,13011.456,12726.349,13679.42,13261.5205,12007.837,13044.377,13959.978,14146.467,14244.347,12977.768,14818.814,13386.022,14826.106,12664.549,13830.854,14499.562,13124.449,13547.165,13660.696,13628.886,13099.173,13790.903,14061.969,14672.375,13707.655,13668.023,13909.219,14721.504,13639.475
2023-12-25,13021.29,13469.373,13003.164,12720.073,13670.063,13252.808,12003.629,13035.963,13949.121,14135.446,14231.703,12970.461,14804.939,13377.713,14812.579,12658.339,13820.342,14486.863,13116.852,13538.94,13651.272,13620.241,13091.66,13781.573,14050.677,14659.304,13697.905,13657.982,13898.845,14708.788,13629.93
2023-12-26,13016.419,13464.674,12997.84,12716.08,13664.111,13246.955,12001.157,13030.844,13942.214,14128.433,14222.539,12966.074,14794.859,13372.962,14804.069,12654.8955,13814.224,14478.791,13112.13,13534.284,13645.415,13615.25,13087.091,13776.223,14043.481,14651.503,13692.003,13651.844,13892.445,14700.856,13623.99
2023-12-27,13024.358,13474.045,13006.232,12722.59,13673.824,13255.65,12005.545,13039.684,13953.267,14139.676,14234.74,12974.038,14808.196,13381.96,14817.971,12661.803,13825.277,14491.763,13120.038,13543.334,13655.2295,13624.671,13094.977,13786.408,14054.8125,14665.149,13702.006,13662.293,13903.395,14714.354,13633.91
2023-12-28,13029.591,13480.405,13011.73,12726.881,13680.227,13261.288,12008.472,13045.561,13960.523,14147.061,14242.486,12979.381,14816.647,13388.025,14827.132,12666.497,13832.673,14500.288,13125.271,13549.457,13661.727,13631.019,13100.218,13793.28,14062.229,14674.237,13708.635,13669.226,13910.667,14723.315,13640.472
2023-12-29,13032.359,13483.411,13014.906,12729.189,13683.676,13264.599,12009.989,13048.661,13964.675,14151.223,14247.494,12981.956,14822.165,13390.934,14832.22,12668.545,13836.635,14505.043,13128.049,13552.313,13665.213,13634.0205,13102.983,13796.52,14066.59,14679.129,13712.272,13672.961,13914.293,14727.985,13644.0
2023-12-30,13035.008,13486.396,13017.618,12731.336,13686.868,13267.496,12011.435,13051.501,13968.219,14154.873,14251.562,12984.539,14826.597,13393.957,14836.725,12670.882,13840.073,14509.294,13130.65,13555.248,13668.399,13637.124,13105.529,13799.864,14070.2295,14683.47,13715.49,13676.338,13918.04,14732.366,13647.238
2023-12-31,13037.325,13489.317,13019.886,12733.21,13689.664,13269.848,12012.706,13054.081,13971.248,14157.993,14254.6455,12987.032,14829.947,13396.585,14840.608,12673.099,13843.208,14512.92,13132.941,13558.088,13671.227,13640.038,13107.817,13803.021,14073.245,14687.327,13718.323,13679.294,13921.314,14736.309,13650.077
2024-01-01,13039.278,13492.161,13021.801,12734.8,13692.045,13271.6455,12013.818,13056.385,13973.831,14160.616,14256.747,12989.326,14832.188,13399.214,14843.961,12675.205,13846.204,14515.943,13134.909,13560.806,13673.696,13642.772,13109.867,13806.002,14075.758,14690.887,13720.724,13681.951,13924.116,14739.949,13652.555
2024-01-02,13040.85,13494.966,13023.412,12736.11,13694.004,13272.983,12014.947,13058.463,13976.037,14162.855,14257.761,12991.289,14833.253,13401.715,14846.865,12677.249,13849.144,14518.539,13136.637,13563.379,13675.845,13645.332,13111.721,13808.809,14077.984,14694.271,13723.085,13684.365,13926.571,14742.9,13654.712
2024-01-03,13054.778,13510.8,13038.263,12747.533,13711.043,13288.562,12022.524,13073.806,13995.533,14182.68,14280.176,13004.952,14857.775,13417.062,14871.289,12688.895,13868.185,14541.406,13150.44,13578.727,13692.983,13661.391,13125.407,13826.15,14098.056,14717.931,13740.536,13702.566,13945.602,14766.389,13672.047
2024-01-04,13045.832,13498.152,13030.1875,12740.402,13700.409,13280.547,12017.375,13063.718,13984.661,14171.31,14271.422,12994.598,14848.493,13405.208,14856.814,12678.726,13855.803,14528.035,13141.542,13566.369,13682.122,13648.786,13116.406,13812.456,14087.533,14702.803,13729.857,13691.057,13932.068,14750.705,13661.112
2024-01-05,13029.2,13476.336,13013.144,12726.755,13680.006,13263.787,12007.802,13044.349,13961.842,14148.134,14250.136,12976.315,14825.391,13384.842,14827.725,12662.362,13830.94,14501.632,13124.712,13544.992,13661.104,13627.051,13099.186,13788.821,14064.645,14672.866,13708.488,13668.568,13908.631,14721.235,13640.034
2024-01-06,13003.493,13443.296,12985.897,12705.603,13648.424,13236.467,11993.121,13014.969,13925.818,14111.614,14213.426,12949.654,14785.393,13353.783,14782.199,12638.633,13793.213,14459.227,13098.776,13513.991,13628.8125,13595.061,13072.947,13754.121,14027.844,14626.929,13675.436,13633.801,13872.741,14676.459,13607.37
2024-01-07,12971.342,13405.583,12951.16,12679.109,13608.896,13200.502,11975.014,12978.956,13880.171,14065.271,14162.666,12917.997,14729.701,13317.623,14725.104,12611.228,13747.774,14405.847,13066.496,13477.878,13588.768,13557.363,13040.802,13713.361,13980.56,14570.887,13633.892,13590.995,13828.562,14622.296,13566.86
2024-01-08,12935.552,13367.916,12912.405,12649.73,13565.088,13158.98,11956.151,12940.392,13829.626,14013.956,14100.179,12884.318,14660.97,13280.366,14662.452,12583.642,13700.642,14346.83,13031.363,13441.041,13545.112,13518.398,13006.366,13671.409,13928.201,14511.733,13589.741,13544.995,13780.737,14562.978,13522.711
2024-01-09,12961.676,13399.013,12939.769,12671.118,13597.01,13187.273,11970.543,12969.437,13865.685,14050.665,14139.634,12910.801,14704.151,13310.113,14707.843,12606.672,13736.857,14389.155,13057.346,13471.103,13577.397,13549.629,13032.289,13705.196,13964.988,14556.378,13622.379,13579.229,13816.805,14607.47,13555.253
2024-01-10,12972.8545,13413.607,12951.583,12680.335,13610.774,13198.985,11977.048,12982.393,13881.375,14066.564,14154.968,12922.644,14720.891,13323.739,14727.685,12617.256,13753.6045,14407.457,13068.709,13484.949,13591.536,13563.836,13043.842,13720.628,13980.985,14576.623,13636.977,13594.47,13832.469,14627.003,13569.527
2024-01-11,12993.538,13437.573,12973.7705,12697.34,13636.147,13222.006,11988.505,13005.397,13910.509,14096.144,14187.676,12943.067,14756.745,13346.999,14764.149,12634.845,13782.476,14441.523,13089.349,13508.104,13617.169,13588.01,13064.387,13746.763,14011.023,14612.295,13663.233,13621.804,13860.815,14662.007,13595.446
2024-01-12,12999.542,13442.462,12981.208,12702.404,13643.701,13230.218,11991.585,13011.774,13920.049,14105.652,14201.515,12947.7,14772.136,13352.076,14775.478,12637.891,13790.4,14452.323,13095.271,13512.8,13624.61,13593.202,13070.084,13752.3,14021.372,14622.398,13671.146,13629.709,13868.122,14671.513,13603.021
2024-01-13,12997.608,13439.123,12978.898,12700.703,13641.133,13228.441,11990.197,13008.934,13916.83,14102.546,14199.847,12945.145,14770.301,13349.249,14771.474,12635.679,13786.115,14449.04,13093.067,13509.566,13621.713,13590.115,13067.585,13748.882,14018.119,14617.673,13667.931,13626.438,13865.505,14667.522,13600.179
2024-01-14,12984.543,13424.107,12964.555,12689.926,13625.058,13213.531,11982.977,12994.472,13898.108,14083.598,14178.186,12932.629,14746.547,13334.5,14748.152,12624.969,13767.826,14427.065,13080.025,13495.401,13605.51,13575.209,13054.633,13732.782,13998.646,14595.002,13651.286,13609.04,13847.72,14645.431,13583.717
2024-01-15,12976.481,13415.511,12955.882,12683.321,13615.217,13204.135,11978.527,12985.773,13886.795,14072.013,14164.435,12925.236,14731.393,13326.17,14734.06,12618.556,13757.277,14413.661,13072.026,13487.056,13595.696,13566.337,13046.863,13723.237,13986.787,14581.665,13640.983,13598.683,13836.663,14632.521,13573.765
2024-01-16,12965.401,13404.056,12944.407,12674.328,13601.806,13191.611,11973.029,12974.154,13871.806,14056.708,14145.373,12914.482,14710.512,13314.914,14715.35,12609.941,13743.593,14396.016,13061.397,13475.665,13582.456,13554.311,13036.501,13710.307,13971.576,14564.306,13628.173,13584.991,13821.88,14614.072,13560.4375
2024-01-17,12987.394,13426.284,12968.5205,12692.403,13628.761,13217.741,11984.477,12997.613,13903.14,14088.5,14185.559,12934.612,14754.77,13337.035,14753.993,12626.064,13772.065,14432.556,13082.904,13497.392,13609.203,13577.452,13057.465,13735.18,14004.229,14600.303,13655.296,13613.117,13850.969,14650.133,13587.503
2024-01-18,12959.339,13391.142,12939.765,12669.503,13594.58,13188.474,11968.675,12966.034,13865.044,14049.598,14146.659,12905.207,14712.401,13303.677,14705.555,12599.662,13732.447,14387.6,13054.848,13463.426,13574.476,13542.388,13029.286,13697.176,13965.667,14551.76,13620.085,13576.109,13811.433,14601.873,13552.462
2024-01-19,12933.124,13359.309,12911.72,12647.886,13562.291,13160.012,11953.912,12936.24,13827.987,14012.096,14107.313,12878.389,14669.277,13273.443,14659.1045,12576.49,13694.499,14344.736,13028.476,13432.722,13541.602,13510.677,13002.724,13662.803,13927.728,14505.474,13586.373,13540.946,13775.465,14556.701,13519.316
2024-01-20,12909.267,13331.154,12885.856,12628.219,13532.943,13133.322,11940.571,12909.605,13794.086,13977.745,14069.389,12854.955,14627.621,13246.278,14616.777,12556.242,13660.794,14304.979,13004.57,13406.049,13511.9375,13482.79,12978.898,13632.644,13892.655,14463.933,13555.85,13509.156,13742.797,14516.275,13489.245
2024-01-21,12891.615,13312.672,12866.432,12613.672,13511.252,13112.477,11931.011,12890.485,13768.802,13952.0625,14038.108,12838.711,14593.052,13228.127,14585.573,12542.81,13637.308,14275.461,12987.079,13388.113,13490.284,13463.748,12961.8125,13612.1455,13866.172,14434.443,13533.425,13486.269,13719.162,14487.515,13467.326
2024-01-22,12889.891,13314.126,12864.08,12612.269,13509.171,13108.952,11930.876,12889.615,13766.062,13949.318,14029.929,12838.524,14583.875,13228.71,14582.723,12543.955,13637.176,14272.395,12985.844,13389.1,13488.606,13464.323,12961.016,13612.912,13863.052,14433.469,13532.234,13484.964,13717.916,14485.597,13465.688
2024-01-23,12931.806,13363.08,12908.3125,12646.622,13560.446,13154.928,11953.881,12936.007,13824.217,14008.481,14094.871,12880.4795,14655.141,13275.776,14655.652,12580.149,13694.891,14340.532,13027.496,13436.478,13540.345,13513.6875,13002.45,13666.291,13922.577,14504.777,13584.631,13539.78,13775.462,14556.546,13517.859
2024-01-24,12944.917,13379.585,12922.364,12657.449,13576.619,13169.027,11961.411,12951.063,13842.806,14027.287,14113.966,12894.041,14676.064,13291.294,14679.0,12592.036,13714.262,14362.14,13040.777,13452.16,13556.88,13529.85,13015.88,13683.828,13941.635,14528.299,13601.713,13557.564,13793.598,14579.249,13534.56
2024-01-25,12977.352,13419.391,12955.54,12683.879,13616.034,13203.127,11979.574,12987.217,13886.636,14072.149,14159.719,12927.607,14725.932,13329.605,14734.743,12622.263,13759.281,14414.088,13073.107,13490.825,13596.822,13569.947,13048.166,13727.233,13986.107,14583.754,13642.107,13600.018,13839.374,14634.577,13574.871
2024-01-26,13014.549,13466.461,12993.887,12714.312,13661.46,13242.087,12000.508,13029.328,13937.536,14124.039,14211.739,12966.66,14782.637,13373.339,14799.318,12656.933,13812.259,14474.007,13110.367,13535.867,13643.089,13616.324,13085.668,13777.497,14037.664,14648.487,13689.089,13649.236,13891.444,14698.746,13621.484
2024-01-27,13057.313,13520.3125,13038.547,12749.387,13713.809,13287.136,12024.665,13077.944,13996.692,14184.178,14272.144,13011.655,14848.365,13424.531,14874.303,12696.621,13874.085,14543.409,13153.307,13587.582,13696.514,13669.635,13129.02,13835.284,14097.804,14723.917,13743.369,13706.4375,13951.242,14773.132,13675.411
2024-01-28,13102.956,13576.882,13087.084,12786.942,13769.843,13336.42,12050.785,13129.904,14060.84,14249.367,14338.972,13058.07,14921.237,13478.273,14955.292,12737.963,13940.358,14618.658,13199.361,13641.664,13753.762,13725.6045,13175.351,13895.912,14163.753,14805.018,13802.565,13767.868,14014.95,14851.545,13733.241
2024-01-29,13175.339,13658.766,13164.594,12846.317,13858.418,13417.784,12090.084,13209.662,14162.561,14352.739,14456.568,13128.624,15049.585,13557.846,15082.792,12797.986,14039.509,14738.009,13271.05,13721.026,13842.922,13808.701,13246.482,13985.617,14268.654,14928.405,13893.484,13862.675,14113.764,14973.84,13823.461
2024-01-30,13188.031,13673.374,13178.289,12856.755,13873.983,13432.061,12097.116,13223.797,14180.558,14371.02,14476.96,13140.982,15071.81,13572.012,15105.38,12808.643,14057.269,14759.128,13283.713,13735.115,13858.681,13823.434,13259.086,14001.53,14287.294,14950.432,13909.738,13879.504,14131.189,14995.314,13839.406
2024-01-31,13199.571,13686.264,13190.507,12866.181,13888.036,13445.026,12103.296,13236.372,14196.584,14387.355,14495.802,13152.189,15092.318,13584.558,15125.532,12818.173,14072.704,14778.042,13295.066,13747.636,13872.78,13836.584,13270.292,14015.708,14303.791,14969.767,13924.02,13894.426,14146.989,15014.703,13853.677
2024-02-01,13195.282,13680.999,13186.216,12862.714,13882.871,13440.5625,12100.916,13231.654,14190.924,14381.518,14489.871,13147.7705,15085.921,13579.4375,15118.244,12814.102,14066.907,14771.227,13290.826,13742.52,13867.5625,13831.256,13266.078,14009.948,14298.053,14962.545,13918.7705,13888.883,14140.829,15007.412,13848.394
2024-02-02,13187.741,13671.254,13178.757,12856.596,13873.746,13433.024,12096.659,13223.098,14180.958,14371.276,14480.315,13139.573,15075.626,13570.288,15105.382,12806.61,14056.234,14759.311,13283.299,13732.957,13858.237,13821.463,13258.475,13999.332,14288.085,14949.487,13909.388,13878.985,14130.006,14994.273,13839.013
2024-02-03,13180.423,13661.816,13170.9375,12850.547,13864.707,13425.296,12092.496,13214.577,14170.556,14360.781,14469.95,13131.823,15064.391,13561.448,15092.234,12799.862,14045.156,14747.242,13275.892,13723.945,13848.921,13812.249,13250.895,13989.329,14277.502,14936.106,13899.882,13868.95,14119.89,14981.231,13829.635
2024-02-04,13173.273,13652.721,13163.089,12844.628,13855.877,13417.394,12088.303,13206.35,14160.221,14350.318,14459.188,13124.693,15052.681,13552.836,15079.219,12793.476,14034.44,14735.164,13268.606,13715.554,13839.845,13803.525,13243.541,13979.878,14266.732,14923.005,13890.327,13859.087,14109.893,14968.92,13820.427
2024-02-05,13156.491,13634.537,13145.02,12830.874,13835.376,13398.102,12079.298,13188.095,14136.567,14326.251,14430.707,13108.759,15021.582,13535.029,15049.658,12780.118,14012.013,14707.345,13252.062,13697.849,13819.3,13784.849,13227.273,13959.761,14242.202,14894.855,13869.312,13837.344,14087.121,14941.006,13799.627
2024-02-06,13156.081,13634.751,13144.646,12830.57,13834.93,13397.453,12079.317,13187.923,14136.126,14325.789,14429.157,13108.563,15019.878,13535.11,15049.169,12780.22,14012.123,14706.807,13251.812,13697.926,13818.993,13784.853,13227.124,13959.794,14241.791,14894.799,13869.217,13837.143,14086.764,14940.481,13799.31
2024-02-07,13174.671,13656.843,13163.7295,12845.694,13857.469,13417.381,12089.483,13208.417,14161.301,14351.572,14456.69,13127.427,15049.743,13556.399,15081.191,12796.904,14037.379,14736.742,13270.186,13719.421,13841.733,13807.23,13245.389,13983.972,14267.416,14926.19,13892.146,13861.245,14112.812,14972.087,13822.295
2024-02-08,13179.254,13663.313,13168.663,12849.514,13863.187,13422.11,12092.158,13213.963,14167.945,14358.232,14462.81,13132.507,15056.39,13561.933,15089.5625,12801.247,14044.727,14744.358,13274.896,13725.37,13847.713,13813.21,13250.291,13990.482,14274.137,14934.903,13898.316,13867.68,14119.079,14980.431,13828.278
2024-02-09,13187.507,13673.521,13177.532,12856.307,13873.317,13431.051,12096.869,13223.35,14179.624,14370.072,14475.005,13141.007,15069.603,13572.004,15104.346,12808.719,14056.845,14758.043,13283.214,13735.119,13858.08,13823.339,13258.687,14001.452,14286.176,14949.748,13908.963,13878.908,14130.636,14994.806,13838.796
2024-02-10,13197.288,13684.2295,13188.298,12864.379,13885.348,13442.444,12102.32,13234.195,14193.739,14384.407,14491.619,13150.075,15087.782,13582.416,15121.936,12816.512,14070.406,14774.6,13293.0,13745.521,13870.238,13834.295,13268.345,14013.265,14300.971,14966.672,13921.751,13891.863,14143.95,15010.977,13851.095
2024-02-11,13210.459,13697.871,13202.285,12875.104,13901.334,13457.662,12109.005,13248.131,14211.985,14402.988,14514.832,13162.434,15113.068,13595.939,15144.732,12826.5625,14087.103,14796.1,13305.731,13758.874,13886.066,13848.467,13280.764,14028.494,14319.741,14987.885,13937.465,13908.462,14161.601,15032.897,13867.136
2024-02-12,13192.412,13678.743,13182.569,12860.281,13879.236,13436.555,12099.505,13228.59,14186.232,14376.89,14482.92,13145.569,15078.239,13577.104,15112.701,12812.818,14063.05,14765.991,13288.016,13740.369,13863.972,13828.885,13263.348,14007.419,14292.988,14957.646,13915.005,13885.0625,14137.467,15002.737,13844.746
2024-02-13,13206.248,13695.752,13196.841,12871.575,13896.079,13451.212,12107.132,13244.091,14205.132,14396.175,14502.908,13159.887,15099.88,13593.238,15136.75,12825.435,14082.434,14788.332,13301.763,13756.784,13881.076,13845.856,13277.146,14025.781,14312.164,14981.521,13932.239,13903.255,14156.81,15026.67,13862.004
2024-02-14,13205.8125,13695.5625,13197.13,12871.381,13895.808,13451.161,12107.11,13244.074,14205.53,14396.354,14503.061,13159.357,15100.132,13592.813,15136.96,12824.648,14083.111,14788.373,13301.568,13756.2705,13881.002,13845.243,13277.125,14025.154,14312.82,14982.022,13932.56,13903.395,14155.841,15026.263,13861.922
2024-02-15,13214.815,13704.749,13207.144,12878.766,13906.806,13462.08,12111.882,13253.616,14218.48,14409.516,14519.869,13167.262,15118.494,13602.13,15153.024,12831.188,14094.78,14803.647,13310.394,13764.93,13891.923,13854.603,13285.67,14035.194,14326.499,14996.926,13943.834,13915.024,14167.952,15040.883,13873.07
2024-02-16,13219.12,13708.852,13211.09,12882.156,13911.838,13466.663,12114.04,13257.9375,14223.669,14415.018,14526.383,13171.469,15125.551,13606.389,15159.753,12834.971,14099.403,14810.124,13314.454,13769.528,13896.814,13859.488,13289.496,14040.426,14331.686,15003.038,13948.609,13919.944,14174.119,15047.608,13877.988
2024-02-17,13220.891,13713.018,13211.768,12883.463,13913.794,13466.897,12115.002,13260.155,14224.854,14416.38,14524.796,13174.771,15123.58,13609.729,15161.853,12838.4375,14102.064,14811.804,13316.155,13773.608,13898.922,13863.36,13291.429,14044.676,14332.157,15005.972,13950.065,13922.06,14177.225,15051.602,13880.018
2024-02-18,13218.546,13715.375,13208.631,12881.6045,13911.047,13461.935,12114.745,13259.123,14221.215,14412.69,14513.432,13174.995,15110.934,13610.748,15158.025,12840.035,14102.294,14807.553,13314.483,13775.234,13896.924,13864.319,13290.495,14045.917,14327.924,15004.952,13948.322,13920.435,14175.321,15049.501,13877.893
2024-02-19,13263.157,13768.0205,13256.366,12918.252,13965.7,13511.303,12139.521,13309.114,14284.105,14476.593,14582.936,13219.332,15186.429,13661.515,15237.306,12878.473,14165.343,14881.45,13359.021,13825.937,13952.4375,13917.117,13335.033,14102.983,14392.774,15082.893,14005.315,13979.79,14236.928,15125.794,13934.031
2024-02-20,13298.604,13808.167,13294.494,12947.337,14009.066,13551.361,12158.842,13348.296,14334.196,14527.495,14640.841,13253.607,15249.341,13700.522,15300.24,12907.758,14214.214,14940.356,13394.171,13864.748,13996.242,13957.781,13369.929,14146.858,14444.597,15143.799,14050.211,14026.438,14285.448,15185.767,13978.357
2024-02-21,13310.413,13820.565,13307.399,12957.028,14023.512,13565.243,12165.042,13361.057,14351.056,14544.594,14661.897,13264.577,15272.257,13712.724,15321.242,12916.679,14229.867,14960.127,13405.745,13876.766,14010.689,13970.519,13381.29,14160.561,14462.138,15163.549,14064.937,14041.724,14301.264,15205.445,13992.995
2024-02-22,13305.653,13815.08,13302.11,12953.081,14017.621,13559.799,12162.404,13355.658,14344.088,14537.575,14653.992,13259.931,15263.662,13707.465,15312.549,12912.821,14222.95,14952.047,13400.97,13871.5,14004.68,13965.04,13376.488,14154.639,14454.896,15155.04,14058.709,14035.278,14294.851,15197.248,13986.928
2024-02-23,13316.745,13830.996,13312.029,12961.922,14030.775,13569.57,12168.811,13368.307,14357.505,14551.656,14664.331,13272.933,15274.511,13722.301,15330.565,12925.624,14238.537,14968.667,13412.022,13887.14,14018.22,13980.927,13387.721,14171.873,14467.89,15174.045,14072.0,14049.607,14311.737,15216.929,14000.53
2024-02-24,13346.06,13871.04,13341.503,12985.848,14066.449,13598.716,12185.625,13402.302,14397.002,14592.076,14700.667,13305.191,15313.432,13759.013,15381.604,12955.1045,14281.927,15015.629,13441.559,13925.222,14055.071,14019.725,13417.89,14213.958,14507.535,15226.658,14109.254,14089.022,14353.811,15269.101,14037.6
2024-02-25,13393.721,13932.072,13391.646,13025.002,14124.827,13649.064,12212.817,13457.132,14463.602,14659.825,14767.581,13355.337,15385.46,13816.671,15466.583,12999.579,14352.37,15094.145,13489.599,13983.512,14115.164,14079.703,13466.657,14278.925,14575.6455,15312.681,14170.844,14153.661,14420.966,15352.9,14098.257
2024-02-26,13463.538,14015.165,13466.377,13082.331,14210.284,13726.29,12251.17,13535.725,14562.224,14760.127,14875.712,13424.574,15502.182,13896.654,15591.483,13060.097,14451.824,15210.391,13559.365,14063.395,14202.33,14162.829,13536.572,14368.735,14677.549,15435.797,14260.665,14247.021,14517.942,15472.846,14186.373
2024-02-27,13534.549,14095.281,13542.584,13140.488,14296.96,13806.684,12289.561,13614.09,14662.459,14862.051,14992.449,13493.119,15628.123,13974.53,15717.998,13118.419,14549.354,15328.787,13629.49,14140.894,14290.011,14244.053,13606.233,14456.311,14781.229,15557.846,14350.271,14340.36,14615.346,15593.622,14275.1045
2024-02-28,13554.068,14118.929,13562.584,13156.346,14320.573,13827.504,12300.298,13635.793,14688.928,14889.204,15020.915,13513.008,15658.616,13997.212,15751.987,13136.152,14576.263,15360.514,13648.788,14163.8,14314.0205,14267.849,13625.507,14481.995,14808.236,15591.363,14374.531,14365.88,14642.967,15627.235,14299.37
2024-02-29,13571.1045,14141.536,13579.75,13170.2295,14341.256,13844.691,12309.976,13655.425,14711.895,14912.761,15042.71,13531.459,15681.833,14018.205,15781.752,13152.982,14601.179,15387.987,13665.877,14185.564,14335.363,14290.093,13642.904,14506.084,14831.414,15621.813,14396.142,14388.691,14667.456,15657.468,14320.8545
2024-03-01,13601.021,14180.186,13610.692,13194.695,14377.701,13875.866,12326.919,13689.754,14753.081,14954.841,15083.641,13563.126,15725.506,14054.711,15834.786,13181.3955,14645.007,15437.004,13695.891,14222.576,14372.929,14328.14,13673.384,14547.257,14873.401,15675.562,14434.409,14429.02,14710.053,15710.328,14358.763
2024-03-02,13646.214,14236.434,13658.205,13231.709,14432.834,13924.439,12351.99,13741.194,14816.12,15019.169,15149.466,13609.2705,15795.872,14108.143,15915.507,13222.489,14710.3955,15511.807,13741.134,14276.477,14429.571,14383.861,13719.044,14607.486,14938.191,15756.252,14492.527,14489.76,14773.807,15789.151,14415.949
2024-03-03,13705.321,14306.167,13721.201,13280.12,14504.951,13989.956,12384.365,13807.463,14899.356,15103.891,15242.095,13667.896,15895.045,14175.252,16021.441,13273.153,14793.843,15610.49,13799.809,14343.658,14503.181,14453.788,13777.849,14682.947,15024.076,15860.08,14567.842,14568.426,14855.893,15891.3545,14490.364
2024-03-04,13739.731,14347.072,13758.148,13308.345,14546.987,14028.221,12403.207,13846.223,14948.124,15153.503,15296.045,13701.925,15952.62,14214.6,16083.539,13302.687,14842.9375,15668.283,13834.071,14382.864,14546.209,14494.6,13812.243,14726.992,15074.545,15921.108,14612.079,14614.538,14903.773,15950.942,14533.871
2024-03-05,13768.178,14379.512,13788.869,13331.653,14581.686,14060.543,12418.53,13877.8125,14988.552,15194.612,15342.875,13729.26,16002.672,14246.016,16134.83,13326.057,14882.501,15716.282,13862.197,14414.043,14581.527,14527.266,13840.26,14762.19,15116.497,15970.686,14648.334,14652.231,14942.991,15999.645,14569.611
2024-03-06,13778.252,14390.149,13799.894,13339.904,14593.964,14072.41,12423.857,13888.761,15003.003,15209.268,15360.871,13738.596,16021.995,14256.497,16153.022,13333.662,14895.995,15733.458,13872.044,14424.349,14593.911,14538.178,13849.96,14773.92,15131.553,15987.79,14660.989,14665.368,14956.589,16016.651,14582.16
2024-03-07,13773.553,14384.516,13794.831,13336.042,14588.209,14067.204,12421.268,13883.417,14996.3,15202.462,15353.556,13733.897,16014.198,14251.112,16144.485,13329.616,14889.178,15725.531,13867.353,14418.927,14587.996,14532.562,13845.224,14767.854,15124.626,15979.357,14654.903,14659.022,14950.072,16008.435,14576.191
2024-03-08,13776.6875,14389.489,13797.218,13338.477,14591.82,14069.483,12423.121,13887.001,14999.585,15206.058,15355.121,13737.903,16015.736,14255.723,16149.19,13333.859,14893.469,15729.878,13870.454,14423.902,14591.734,14537.563,13848.393,14773.275,15127.663,15984.605,14658.441,14662.945,14955.205,16014.122,14579.937
2024-03-09,13786.156,14402.531,13806.766,13346.227,14603.365,14078.816,12428.617,13898.191,15012.462,15219.239,15366.549,13748.464,16027.818,14267.728,16165.973,13343.496,14907.939,15745.253,13880.029,14436.516,14603.787,14550.331,13858.286,14787.114,15140.623,16002.121,14670.671,14675.894,14968.87,16031.387,14592.042
2024-03-10,13801.022,14421.664,13822.737,13358.476,14621.616,14094.832,12437.048,13915.454,15033.685,15240.792,15388.098,13763.938,16050.666,14285.864,16193.178,13357.089,14930.421,15770.286,13895.038,14454.57,14622.728,14568.923,13873.613,14807.232,15162.539,16029.671,14690.236,14696.411,14989.834,16057.876,14611.186
2024-03-11,13823.203,14447.189,13847.022,13376.698,14648.75,14120.249,12448.938,13940.285,15065.6045,15273.222,15424.805,13785.004,16089.702,14310.525,16233.668,13375.268,14961.826,15808.011,13917.1,14478.907,14650.472,14594.43,13895.641,14834.722,15195.859,16068.961,14719.013,14726.151,15020.471,16095.838,14639.253
2024-03-12,13841.288,14465.59,13866.86,13391.487,14670.749,14141.864,12458.391,13959.702,15091.567,15299.54,15458.173,13801.003,16125.527,14328.839,16266.292,13388.433,14985.511,15838.952,13934.658,14496.813,14672.564,14613.51,13912.831,14855.197,15222.937,16099.211,14741.5205,14749.504,15044.7295,16126.146,14661.644
2024-03-13,13835.531,14460.631,13859.256,13386.563,14663.39,14133.726,12455.4375,13953.236,15081.676,15289.869,15444.274,13796.796,16110.551,14323.839,16254.439,13385.778,14976.9375,15827.89,13928.903,14492.23,14665.055,14608.525,13907.097,14849.847,15212.216,16088.464,14733.372,14741.359,15037.8955,16116.434,14654.041
2024-03-14,13844.672,14474.599,13867.804,13393.988,14674.442,14141.709,12460.908,13964.331,15093.4,15302.028,15452.37,13808.089,16118.96,14336.448,16270.128,13396.395,14991.296,15842.123,13938.219,14505.83,14676.733,14622.083,13916.874,14864.565,15223.704,16105.606,14745.054,14753.865,15051.62,16133.575,14665.714
2024-03-15,13867.3125,14504.45,13891.681,13412.604,14702.169,14165.431,12473.922,13990.8,15125.282,15334.485,15483.395,13832.289,16151.77,14364.557,16311.283,13417.892,15025.812,15879.923,13961.089,14534.23,14705.606,14651.173,13940.354,14896.055,15256.404,16147.748,14774.686,14785.129,15083.854,16174.406,14694.86
2024-03-16,13903.63,14548.284,13930.987,13442.431,14746.577,14205.954,12493.685,14032.053,15177.155,15387.3,15540.012,13867.889,16211.64,14406.536,16377.574,13449.289,15078.488,15941.353,13997.425,14575.946,14751.33,14694.575,13976.935,14942.888,15310.375,16213.229,14822.129,14834.322,15134.743,16237.426,14741.072
2024-03-17,13953.401,14603.28,13984.685,13483.112,14807.106,14263.167,12520.256,14086.755,15247.817,15459.158,15624.49,13913.6045,16301.69,14460.249,16467.35,13488.971,15146.354,16025.74,14046.239,14629.148,14812.774,14750.53,14025.357,15003.097,15383.717,16298.931,14884.893,14899.68,15203.045,16322.507,14803.237
2024-03-18,13947.431,14596.078,13978.285,13478.219,14799.82,14256.549,12516.993,14079.993,15239.355,15450.532,15615.236,13907.711,16291.907,14453.354,16456.504,13483.79,15137.759,16015.665,14040.287,14622.268,14805.278,14743.376,14019.367,14995.383,15374.945,16288.233,14877.17,14891.636,15194.672,16312.099,14795.661
2024-03-19,13941.099,14588.823,13971.488,13473.04,14792.118,14249.39,12513.579,14072.952,15230.388,15441.406,15604.894,13901.745,16280.919,14446.326,16445.066,13478.553,15128.944,16004.964,14034.042,14615.278,14797.416,14736.064,14013.135,14987.507,15365.652,16277.171,14869.12,14883.247,15185.902,16301.184,14787.713
2024-03-20,13942.126,14590.621,13972.198,13473.828,14793.285,14250.032,12514.204,14074.143,15231.374,15442.518,15605.092,13903.175,16281.071,14447.97,16446.541,13480.093,15130.37,16006.319,14035.065,14617.043,14798.634,14737.83,14014.187,14989.422,15366.539,16278.905,14870.258,14884.532,15187.669,16303.083,14788.937
2024-03-21,13948.66,14599.338,13978.683,13479.138,14801.182,14256.508,12517.92,14081.712,15240.079,15451.495,15613.096,13910.341,16289.48,14456.17,16457.967,13486.713,15139.979,16016.859,14041.609,14625.578,14806.828,14746.529,14020.879,14998.828,15375.324,16290.691,14878.535,14893.298,15197.203,16314.821,14797.181
2024-03-22,13968.617,14625.8125,13998.602,13495.325,14825.247,14276.62,12529.204,14104.577,15266.687,15478.966,15638.454,13931.819,16316.128,14481.128,16492.875,13506.579,15168.885,16049.162,14061.524,14651.053,14831.715,14772.657,14041.118,15027.057,15402.328,16326.371,14903.676,14919.952,15226.339,16350.363,14822.295
2024-03-23,14002.959,14669.882,14034.256,13523.396,14867.014,14312.773,12548.393,14144.095,15314.206,15527.621,15686.276,13967.652,16366.494,14522.772,16554.453,13538.773,15219.321,16106.088,14095.896,14693.323,14874.967,14816.101,14076.07,15073.988,15451.035,16388.588,14947.899,14966.361,15275.385,16411.36,14865.912
2024-03-24,14052.249,14730.265,14086.542,13563.752,14927.058,14366.54,12575.662,14200.176,15383.583,15598.382,15760.509,14017.078,16444.887,14580.48,16643.754,13582.471,15290.756,16188.967,14144.987,14751.2705,14936.887,14876.099,14125.707,15138.7295,15522.653,16477.303,15011.355,15032.851,15344.818,16498.217,14928.467
2024-03-25,14100.465,14788.442,14138.169,13603.24,14985.806,14419.983,12601.947,14254.813,15451.907,15668.061,15835.188,14064.4795,16523.531,14636.138,16731.553,13624.321,15360.221,16270.486,14192.98,14806.878,14997.42,14933.891,14174.061,15201.045,15593.529,16563.912,15073.753,15097.843,15412.591,16582.457,14989.638
2024-03-26,14153.147,14848.973,14194.63,13646.283,15049.82,14479.508,12630.33,14313.486,15526.498,15744.043,15921.118,14113.989,16614.338,14694.782,16827.1,13667.978,15433.742,16359.851,14244.869,14865.216,15062.913,14994.894,14225.92,15266.722,15670.878,16656.385,15140.781,15167.766,15485.797,16673.756,15055.85
2024-03-27,14175.446,14876.782,14217.549,13664.403,15076.75,14503.179,12642.62,14338.697,15556.956,15775.357,15952.945,14136.584,16647.73,14721.324,16866.76,13688.566,15465.437,16396.75,14266.965,14892.019,15090.659,15022.614,14248.197,15296.612,15702.144,16695.936,15168.978,15197.431,15517.788,16713.01,15083.872
2024-03-28,14205.336,14914.805,14248.196,13688.744,15112.923,14534.467,12659.259,14372.916,15597.831,15817.37,15994.214,14167.597,16690.945,14757.577,16920.096,13716.753,15508.799,16446.19,14296.726,14928.8545,15128.111,15060.504,14278.409,15337.486,15744.013,16749.719,15207.076,15237.536,15560.783,16766.191,15121.648
2024-03-29,14244.521,14964.372,14289.328,13720.797,15160.582,14576.422,12681.091,14417.948,15652.632,15873.417,16050.778,14207.849,16750.193,14804.663,16991.21,13752.601,15566.445,16511.988,14335.837,14976.298,15177.56,15109.382,14318.198,15390.23,15800.4795,16821.152,15257.711,15290.705,15616.582,16836.096,15171.57
2024-03-30,14289.317,15018.878,14337.578,13757.533,15215.223,14626.212,12705.603,14469.057,15716.618,15938.61,16120.372,14252.107,16823.045,14856.626,17073.674,13791.392,15631.912,16588.389,14380.477,15028.207,15234.132,15163.244,14363.376,15448.301,15866.988,16902.73,15316.144,15351.604,15679.588,16915.111,15228.735
2024-03-31,14335.683,15071.407,14388.147,13795.488,15271.662,14679.71,12730.348,14520.762,15783.372,16006.453,16198.77,14294.887,16905.365,14907.575,17159.135,13828.612,15697.085,16668.209,14426.153,15078.486,15292.056,15216.002,14409.033,15505.057,15936.655,16984.95,15375.8545,15413.615,15743.731,16995.463,15287.323
2024-04-01,14348.857,15083.866,14403.087,13806.266,15287.684,14696.269,12737.0,14534.79,15802.907,16026.148,16225.303,14305.227,16933.39,14920.236,17183.701,13837.227,15714.232,16691.496,14438.86,15090.559,15308.22,15229.054,14421.393,15519.026,15957.26,17007.152,15392.522,15430.728,15761.177,17017.412,15303.701
2024-04-02,14330.273,15059.765,14383.762,13791.09,15265.117,14676.694,12726.625,14513.297,15777.131,15999.693,16199.606,14285.764,16906.682,14897.467,17150.02,13819.678,15686.634,16660.426,14420.287,15067.509,15284.719,15205.37,14402.402,15493.464,15930.707,16972.98,15368.409,15405.4,15734.372,16984.102,15279.98
2024-04-03,14297.169,15019.4375,14348.78,13764.058,15224.939,14640.451,12708.506,14475.733,15730.668,15952.191,16149.392,14252.986,16854.166,14858.857,17089.834,13790.482,15638.986,16604.512,14387.422,15028.784,15243.2,15165.223,14369.243,15450.198,15882.653,16913.451,15325.866,15360.879,15687.495,16925.69,15238.04
2024-04-04,14271.141,14988.766,14320.461,13742.6875,15193.155,14610.985,12694.362,14446.198,15693.126,15914.058,16107.195,14227.965,16809.908,14829.363,17041.664,13768.786,15601.267,16559.773,14361.578,14999.421,15210.361,15134.669,14343.162,15417.279,15843.585,16866.324,15291.964,15325.605,15651.319,16879.924,15204.869
2024-04-05,14256.146,14972.345,14303.592,13730.36,15174.816,14592.996,12686.444,14429.59,15670.955,15891.648,16079.955,14214.687,16781.242,14813.315,17013.543,13757.577,15580.223,16533.484,14346.8125,14984.0205,15191.575,15118.35,14328.472,15399.739,15820.244,16839.682,15272.441,15305.44,15630.929,16854.2,15185.827
2024-04-06,14241.581,14955.144,14289.136,13718.686,15157.497,14577.5,12678.715,14413.76,15651.889,15871.82,16058.812,14200.623,16759.11,14796.568,16988.516,13744.253,15561.186,16509.873,14332.647,14967.173,15173.998,15100.714,14314.508,15380.785,15800.713,16815.37,15254.809,15286.888,15609.767,16829.365,15168.046
2024-04-07,14232.373,14943.301,14280.234,13711.216,15146.395,14568.593,12673.428,14403.051,15639.798,15859.358,16047.735,14190.601,16747.41,14785.359,16972.578,13734.96,15547.753,16495.078,14323.5205,14954.962,15162.479,15088.395,14305.111,15367.471,15788.704,16798.91,15243.409,15274.701,15596.496,16812.42,15156.525
2024-04-08,14232.382,14939.533,14280.264,13711.079,15146.154,14569.903,12672.721,14401.852,15639.55,15859.155,16052.153,14188.313,16752.264,14782.661,16971.908,13732.9,15544.814,16495.113,14323.022,14952.246,15161.694,15086.07,14303.974,15364.834,15788.57,16796.219,15242.397,15273.336,15595.863,16810.727,15155.721
2024-04-09,14209.088,14912.294,14254.283,13691.89,15117.598,14542.844,12660.339,14375.399,15605.342,15824.417,16013.195,14165.926,16711.574,14756.414,16928.217,13713.902,15510.784,16454.686,14299.728,14926.561,15132.158,15059.162,14280.551,15335.852,15752.549,16753.625,15211.337,15241.445,15563.455,16770.479,15125.838
2024-04-10,14161.14,14858.476,14204.012,13653.004,15059.843,14488.949,12634.786,14322.992,15538.992,15756.502,15934.96,14121.855,16628.934,14703.793,16842.81,13674.1875,15446.524,16374.225,14253.005,14874.215,15073.442,15004.158,14234.319,15276.74,15684.015,16671.984,15151.937,15179.238,15496.45,16688.207,15066.455
2024-04-11,14165.902,14861.287,14210.418,13656.952,15065.71,14496.611,12636.86,14327.477,15547.047,15764.453,15949.237,14123.871,16644.135,14707.068,16852.434,13675.27,15451.846,16383.556,14257.459,14876.19,15079.136,15006.879,14238.326,15279.563,15693.013,16679.44,15158.091,15185.317,15502.082,16695.137,15072.358
2024-04-12,14143.605,14829.298,14188.067,13638.774,15038.658,14474.834,12623.797,14301.143,15517.003,15733.496,15923.295,14098.651,16617.137,14677.468,16812.73,13651.943,15417.571,16347.225,14234.927,14846.119,15050.786,14976.324,14214.985,15246.478,15662.528,16637.617,15129.294,15154.553,15469.127,16654.1,15043.718
2024-04-13,14091.813,14764.402,14133.235,13596.366,14975.548,14418.893,12595.275,14241.643,15444.179,15659.052,15847.795,14045.467,16538.084,14615.781,16718.55,13604.81,15341.347,16260.237,14183.0625,14783.872,14985.371,14912.065,14162.344,15177.108,15587.244,16543.18,15061.763,15084.143,15395.408,16562.658,14977.69
2024-04-14,14011.99,14671.75,14047.603,13531.059,14878.436,14329.02,12551.945,14152.376,15330.9,15543.787,15718.496,13969.782,16401.207,14526.295,16573.605,13538.288,15229.0205,16124.843,14104.258,14694.825,14885.86,14819.106,14083.435,15076.986,15469.912,16402.434,14959.979,14977.85,15284.648,16423.893,14877.119
2024-04-15,13988.972,14643.935,14022.41,13512.118,14850.233,14303.057,12539.427,14126.132,15297.64,15509.983,15681.942,13947.088,16362.711,14499.712,16531.102,13518.671,15195.296,16085.5205,14081.2,14668.5625,14856.734,14791.764,14060.17,15047.488,15435.192,16360.5,14929.643,14946.432,15252.48,16383.794,14847.664
2024-04-16,13958.722,14611.592,13989.297,13487.363,14813.418,14267.478,12523.477,14093.085,15254.154,15465.857,15628.3125,13920.321,16305.605,14467.879,16476.062,13495.595,15154.369,16033.697,14051.597,14637.324,14819.402,14758.707,14030.947,15011.967,15389.82,16308.592,14891.369,14906.765,15211.349,16332.471,14809.887
2024-04-17,13953.629,14604.437,13985.455,13483.466,14807.652,14263.38,12520.63,14087.717,15248.994,15460.146,15624.388,13914.587,16301.543,14461.052,16468.709,13489.328,15148.4375,16026.645,14046.755,14630.143,14813.646,14751.326,14026.2,15004.017,15384.995,16300.964,14886.076,14900.845,15203.137,16323.695,14804.066
2024-04-18,13945.749,14591.873,13978.5,13477.089,14798.15,14257.234,12515.763,14077.887,15239.307,15450.014,15619.525,13904.025,16296.603,14449.621,16455.475,13479.234,15135.613,16014.763,14038.656,14617.346,14803.508,14738.731,14017.544,14990.303,15375.727,16285.84,14876.014,14889.953,15190.952,16308.452,14793.982
2024-04-19,13923.326,14561.594,13954.6,13458.595,14770.587,14233.658,12502.788,14051.45,15207.367,15417.578,15588.698,13880.009,16264.074,14421.432,16414.268,13457.982,15100.814,15977.026,14015.931,14589.068,14774.704,14709.824,13994.083,14958.994,15342.905,16243.454,14846.336,14858.63,15159.093,16267.661,14764.884
2024-04-20,13880.13,14508.84,13908.344,13423.212,14717.916,14185.954,12479.265,14002.483,15146.297,15355.245,15522.728,13836.848,16194.448,14371.023,16335.918,13419.961,15038.506,15904.404,13972.765,14538.969,14720.489,14657.711,13950.654,14902.763,15279.503,16165.908,14790.238,14800.337,15098.126,16192.728,14710.056
2024-04-21,13818.864,14440.713,13842.548,13373.119,14643.414,14116.092,12446.427,13934.917,15059.579,15267.033,15420.316,13780.126,16085.128,14304.584,16225.751,13370.469,14954.617,15800.937,13912.5625,14472.692,14644.772,14588.181,13890.884,14827.93,15189.695,16060.352,14712.994,14719.917,15013.987,16087.886,14633.549
2024-04-22,13824.471,14446.944,13848.326,13377.655,14650.154,14122.266,12449.314,13941.051,15067.166,15274.867,15428.928,13785.531,16094.222,14310.716,16235.517,13375.362,14962.041,15810.104,13918.076,14478.987,14651.605,14594.776,13896.305,14835.026,15197.531,16069.769,14720.005,14727.118,15021.955,16097.226,14640.434
2024-04-23,13833.655,14457.892,13857.507,13385.083,14661.199,14131.908,12454.452,13951.192,15079.415,15287.431,15442.291,13794.669,16108.571,14321.257,16251.353,13383.654,14974.462,15825.03,13927.026,14489.8,14662.815,14605.958,13905.265,14847.084,15209.866,16085.294,14731.058,14738.941,15034.871,16113.369,14651.745
2024-04-24,13843.225,14474.868,13865.383,13392.699,14672.507,14138.717,12460.408,13962.998,15090.325,15299.164,15445.862,13807.749,16111.79,14336.566,16266.83,13397.202,14989.773,15838.835,13936.915,14506.097,14674.927,14622.155,13915.729,14864.688,15220.265,16103.455,14743.047,14752.056,15050.658,16131.559,14663.883
2024-04-25,13894.983,14540.308,13919.576,13435.072,14735.576,14193.941,12489.243,14022.272,15162.443,15372.798,15520.39,13861.216,16190.781,14398.341,16359.701,13444.533,15065.252,15924.864,13988.64,14568.604,14740.013,14686.5205,13968.18,14934.221,15294.227,16196.592,14809.577,14821.787,15123.807,16223.0,14729.551
2024-04-26,13942.713,14597.442,13971.726,13474.405,14794.15,14247.465,12515.674,14076.779,15231.475,15442.737,15596.125,13908.559,16271.161,14453.135,16447.652,13485.085,15135.467,16006.345,14036.381,14623.272,14800.436,14743.277,14016.5,14995.494,15365.939,16283.534,14872.024,14886.938,15189.949,16306.968,14790.626
2024-04-27,13997.285,14661.905,14029.956,13518.951,14860.413,14308.492,12545.003,14137.667,15308.151,15521.123,15682.2705,13960.9375,16362.145,14515.307,16546.02,13531.831,15211.89,16098.08,14090.449,14684.713,14868.247,14807.576,14070.46,15064.756,15445.634,16379.509,14941.853,14959.531,15266.75,16400.71,14859.253
2024-04-28,14054.309,14725.068,14090.434,13565.424,14929.522,14372.907,12575.47,14200.461,15388.026,15602.565,15776.247,14013.657,16462.033,14577.122,16648.072,13578.453,15289.369,16194.053,14146.256,14746.968,14938.502,14872.751,14125.903,15134.888,15528.077,16477.318,15013.207,15033.983,15345.504,16498.719,14930.176
2024-04-29,14042.976,14715.244,14077.657,13556.194,14915.803,14358.481,12570.109,14188.676,15371.53,15585.776,15753.187,14005.0,16437.61,14566.778,16627.436,13571.133,15275.442,16174.378,14135.333,14737.011,14924.835,14861.832,14115.504,15123.237,15510.526,16459.004,14998.917,15019.661,15330.362,16480.822,14916.351
